ID,name,SMILES,mz_ratio,exp_ccs,Formula,Adduct
LIPMETLIN00026,D-ribo-phytosphingosine  (C17 base),O[C@]([H])(CCCCCCCCCCCCC)[C@](O)([H])[C@](N)([H])CO,348.2755324,193.8,C17H37NO3,[M+HCOO]-
LIPMETLIN00030,C17:1 anandamide,N(C(=O)CCCCCCCC/C=C\CCCCCC)CCO,356.2806174,195.03,C19H37NO2,[M+HCOO]-
LIPMETLIN00040,n-decylphosphocholine,[O-]P(OCC[N+](C)(C)C)(OCCCCCCCCCC)=O,368.2207366,201.2333333,C15H34NO4P,[M+HCOO]-
LIPMETLIN00044,C2 Ceramide (d17:1/2:0),OC[C@@H]([C@@H](/C=C/CCCCCCCCCCCC)O)NC(=O)C,372.2755324,199.6,C19H37NO3,[M+HCOO]-
LIPMETLIN00046,Trimethyl Sphingosine (d17:1),OC[C@@H]([C@@H](/C=C/CCCCCCCCCCCC)[O-])[N+](C)(C)C,372.3119158,214.4666667,C20H41NO2,[M+HCOO]-
LIPMETLIN00050,13(S)HODE Ethanolamide,CCCCC[C@H](O)/C=C/C=C\CCCCCCCC(NCCO)=O,384.2755324,201.7333333,C20H37NO3,[M+HCOO]-
LIPMETLIN00052,C2 Ceramide (d18:1/2:0),CCCCCCCCCCCCC/C=C/[C@H]([C@H](CO)N=C(C)O)O,386.2911816,203,C20H39NO3,[M+HCOO]-
LIPMETLIN00053,Trimethyl Sphingosine (d18:1),OC[C@@]([N+](C)(C)C)([H])[C@@]([O-])([H])/C=C/CCCCCCCCCCCCC,386.327565,217.9333333,C21H43NO2,[M+HCOO]-
LIPMETLIN00057,C2 Dihydroceramide (d18:0/2:0),CCCCCCCCCCCCCCC[C@H]([C@@H](NC(=O)C)CO)O,388.3068308,206.5333333,C20H41NO3,[M+HCOO]-
LIPMETLIN00058,Trimethyl Sphinganine (d18:0),OC[C@@H]([C@@H](CCCCCCCCCCCCCCC)O)[N+](C)(C)C,388.3432142,219.7,C21H45NO2,[M+HCOO]-
LIPMETLIN00061,"Phytosphingosine-N,N-Dimethyl",O[C@]([H])(CCCCCCCCCCCCCC)[C@](O)([H])[C@](N(C)C)([H])CO,390.32248,205.9,C20H43NO3,[M+HCOO]-
LIPMETLIN00062,C20:4 anandamide (AEA),O=C(NCCO)CCC/C=C\C/C=C\C/C=C\C/C=C\CCCCC,392.2806174,201.6,C22H37NO2,[M+HCOO]-
LIPMETLIN00063,n-dodecylphosphocholine,"CCCCCCCCCCCCOP(=O)([O-])OCC[N+](C)(C)C	CCCCCCCCCCCCOP(=O)([O-])OCC[N+](C)(C)C",396.252035,208.6333333,C17H38NO4P,[M+HCOO]-
LIPMETLIN00071,06:0 Lyso PC,O[C@](COP([O-])(OCC[N+](C)(C)C)=O)([H])COC(CCCCC)=O,400.1741832,205.1,C14H30NO7P,[M+HCOO]-
LIPMETLIN00074,18:1 MG,CCCCCCCC/C=CCCCCCCCC(=O)OCC(CO)O,401.2908472,204.5666667,C21H40O4,[M+HCOO]-
LIPMETLIN00076,N-16:0 L-Serine MeEster,O=C(OC)[C@@]([H])(NC(CCCCCCCCCCCCCCC)=O)CO,402.2860966,204.9333333,C20H39NO4,[M+HCOO]-
LIPMETLIN00077,N-02:0 Phytosphingosine,O[C@@H]([C@H]([C@H](CO)NC(=O)C)O)CCCCCCCCCCCCCC,404.3017458,209.2666667,C20H41NO4,[M+HCOO]-
LIPMETLIN00078,15(S)-HAEA,CCCCC[C@@H](O)/C=C/C=C\C/C=C\C/C=C\CCCC(NCCO)=O,408.2755324,206.3,C22H37NO3,[M+HCOO]-
LIPMETLIN00083,07:0 Lyso PC,O=C(CCCCCC)OC[C@]([H])(COP(OCC[N+](C)(C)C)([O-])=O)O,414.1898324,208.4333333,C15H32NO7P,[M+HCOO]-
LIPMETLIN00085,C4 Ceramide (d18:1/4:0),OC[C@@H]([C@@H](/C=C/CCCCCCCCCCCCC)O)NC(=O)CCC,414.32248,211.4,C22H43NO3,[M+HCOO]-
LIPMETLIN00087,Dehydrolithocholic acid,[C@H]12[C@H]3[C@@H]([C@@]4([C@H](CC3)CC(=O)CC4)C)CC[C@@]1([C@H](CC2)[C@@H](CCC(=O)O)C)C,419.280283,200.47,C24H38O3,[M+HCOO]-
LIPMETLIN00094,n-tetradecylphosphocholine,"P(=O)(OCC[N+](C)(C)C)(OCCCCCCCCCCCCCC)[O-]	DTXCID70150849",424.2833334,215,C19H42NO4P,[M+HCOO]-
LIPMETLIN00101,N-18:1 L-Serine MeEster,O=C(OC)[C@@]([H])(NC(CCCCCCC/C=C\CCCCCCCC)=O)CO,428.3017458,210.9333333,C22H41NO4,[M+HCOO]-
LIPMETLIN00108,3á-OH-7-oxocholenic acid,C[C@@]1([C@@]2([H])CC[C@]1([H])[C@@](C)([H])CCC(O)=O)CC[C@@]3([H])[C@@]2([H])C(C=C4C[C@@H](O)CC[C@@]43C)=O,433.2595488,210.2,C24H36O4,[M+HCOO]-
LIPMETLIN00109,Regadenoson,OC[C@H]1O[C@H]([C@@H]([C@@H]1O)O)n1cnc2c1nc(nc2N)n1ncc(c1)C(=O)NC,435.138213,194.4666667,C15H18N8O5,[M+HCOO]-
LIPMETLIN00111,3-oxo chenodeoxycholic acid,[H][C@@]12[C@]([C@](CCC(C3)=O)(C)[C@]3([H])C[C@H]2O)([H])CC[C@@]4(C)[C@@]1([H])CC[C@]4([H])[C@]([H])(C)CCC(O)=O,435.275198,201.4333333,C24H38O4,[M+HCOO]-
LIPMETLIN00113,7-ketolithocholic acid,C[C@H](CCC(=O)O)[C@H]1CC[C@H]2[C@@H]3C(=O)C[C@@H]4C[C@H](O)CC[C@]4(C)[C@H]3CC[C@]12C,435.275198,199.5666667,C24H38O4,[M+HCOO]-
LIPMETLIN00117,Chenodeoxycholic acid,[C@H]12[C@H]3[C@@H]([C@@]4([C@H](C[C@H]3O)C[C@@H](CC4)O)C)CC[C@@]1([C@H](CC2)[C@@H](CCC(=O)O)C)C,437.2908472,201.7333333,C24H40O4,[M+HCOO]-
LIPMETLIN00118,Hyodeoxycholic acid,C[C@H](CCC(=O)O)[C@H]1CC[C@H]2[C@@H]3C[C@@H]([C@@H]4C[C@@H](CC[C@]4(C)[C@H]3CC[C@]12C)O)O,437.2908472,200.3333333,C24H40O4,[M+HCOO]-
LIPMETLIN00121,Ursodeoxycholic acid,C1[C@H](C[C@@H]2[C@](C1)([C@@H]1[C@@H]([C@H](C2)O)[C@H]2[C@](CC1)([C@H](CC2)[C@H](C)CCC(=O)O)C)C)O,437.2908472,200.2,C24H40O4,[M+HCOO]-
LIPMETLIN00124,PGE2-EA,CCCCC[C@@H](/C=C/[C@@H]1[C@@H](C/C=CCCCC(=NCCO)O)C(=O)C[C@H]1O)O,440.2653624,206.1,C22H37NO5,[M+HCOO]-
LIPMETLIN00126,04:0 PC,O=C(CCC)OC[C@]([H])(COP(OCC[N+](C)(C)C)([O-])=O)OC(CCC)=O,442.1847474,215.3,C16H32NO8P,[M+HCOO]-
LIPMETLIN00127,09:0 Lyso PC,C([C@H](COP(=O)([O-])OCC[N+](C)(C)C)O)OC(=O)CCCCCCCC,442.2211308,214.63,C17H36NO7P,[M+HCOO]-
LIPMETLIN00153,N-20:4 L-Serine MeEster,O=C(OC)[C@@]([H])(NC(CCC/C=C\C/C=C\C/C=C\C/C=C\CCCCC)=O)CO,450.2860966,213.1666667,C24H39NO4,[M+HCOO]-
LIPMETLIN00155,12-ketochenodeoxycholic acid,[H][C@@]12[C@]([C@](CC[C@@H](O)C3)(C)[C@]3([H])C[C@H]2O)([H])CC([C@@]4(C)[C@@]1([H])CC[C@]4([H])[C@]([H])(C)CCC(O)=O)=O,451.270113,203.7,C24H38O5,[M+HCOO]-
LIPMETLIN00159,C-16Miltefosine,"CCCCCCCCCCCCCCCCOP(=O)([O-])OCC[N+](C)(C)C	CCCCCCCCCCCCCCCCOP(=O)([O-])OCC[N+](C)(C)C",452.3146318,221.2,C21H46NO4P,[M+HCOO]-
LIPMETLIN00161,a-Muricholic acid,C[C@@]1([C@@]2([H])CC[C@]1([H])[C@@](C)([H])CCC(O)=O)CC[C@@]3([H])[C@@]2([H])[C@H](O)[C@@H](O)[C@]4([H])C[C@H](O)CC[C@@]43C,453.2857622,204,C24H40O5,[M+HCOO]-
LIPMETLIN00162,beta-Muricholic acid,[H][C@@]12[C@]([C@](CC[C@@H](O)C3)(C)[C@]3([H])[C@H](O)[C@@H]2O)([H])CC[C@@]4(C)[C@@]1([H])CC[C@]4([H])[C@]([H])(C)CCC(O)=O,453.2857622,202.0333333,C24H40O5,[M+HCOO]-
LIPMETLIN00164,Hyocholic acid,[H][C@@]12[C@]([C@](CC[C@@H](O)C3)(C)[C@]3([H])[C@@H](O)[C@H]2O)([H])CC[C@@]4(C)[C@@]1([H])CC[C@]4([H])[C@]([H])(C)CCC(O)=O,453.2857622,202.7,C24H40O5,[M+HCOO]-
LIPMETLIN00166,w-Muricholic acid,[C@@H]12[C@H](CC[C@]3([C@H]1CC[C@@H]3[C@@H](CCC(=O)O)C)C)[C@@]1([C@H]([C@H]([C@@H]2O)O)C[C@@H](CC1)O)C,453.2857622,202.1666667,C24H40O5,[M+HCOO]-
LIPMETLIN00167,SLC5111312,NC(N1CC[C@H](O)[C@H]1C2=NC(C3=CC4=CC=C(OCCCCC)C=C4C=C3)=NO2)=N,454.2095824,231.6,C22H27N5O3,[M+HCOO]-
LIPMETLIN00172,10:0 Lyso PC,O=C(CCCCCCCCC)OC[C@]([H])(COP(OCC[N+](C)(C)C)([O-])=O)O,456.23678,217.8666667,C18H38NO7P,[M+HCOO]-
LIPMETLIN00174,C8 Ceramide (d17:1/8:0),OC[C@@H]([C@@H](/C=C/CCCCCCCCCCCC)O)NC(=O)CCCCCCC,456.3694276,224.2,C25H49NO3,[M+HCOO]-
LIPMETLIN00179,3b-hydroxy-5-cholestenoic acid,CC1(CC[C@H](O)C2)C2=CCC3C1CCC4(C)C3CCC4C(CCCC(C)C(O)=O)C,461.3272306,220.0333333,C27H44O3,[M+HCOO]-
LIPMETLIN00180,"7?,27-dihydroxy-4-cholesten-3-one",[H][C@@]12[C@]([C@](CC3)(C)C(C[C@H]2O)=CC3=O)([H])CC[C@@]4(C)[C@@]1([H])CC[C@]4([H])[C@]([H])(C)CCC[C@@H](C)CO,461.3272306,214.9333333,C27H44O3,[M+HCOO]-
LIPMETLIN00181,"7a,24(S)-dihydroxy-4-cholesten-3-one",CC(C)[C@@H](O)CC[C@@H](C)[C@H]1CC[C@@]2([H])[C@]3([H])[C@H](O)CC4=CC(CC[C@]4(C)[C@@]3([H])CC[C@]12C)=O,461.3272306,214.0333333,C27H44O3,[M+HCOO]-
LIPMETLIN00188,Atheronal B,C[C@]12CCC([C@]3(C)[C@@]4(O)C[C@@H](O)CC3)C([C@H]4C=O)C1CC[C@]2([H])[C@]([H])(C)CCCC(C)C,463.3428798,226.8666667,C27H46O3,[M+HCOO]-
LIPMETLIN00195,"3a,6a,7a,12a-tetrahydroxy bile acid (THBA)",C[C@@]1([C@@]2([H])CC[C@]1([H])[C@@](C)([H])CCC(O)=O)[C@@H](O)C[C@@]3([H])[C@@]2([H])[C@H](O)[C@H](O)[C@]4([H])C[C@H](O)CC[C@@]43C,469.2806772,202.8666667,C24H40O6,[M+HCOO]-
LIPMETLIN00198,05:0 PC,[C@H](COC(=O)CCCC)(OC(=O)CCCC)COP(=O)(OCC[N+](C)(C)C)[O-],470.2160458,222.8,C18H36NO8P,[M+HCOO]-
LIPMETLIN00199,11:0 Lyso PC,O=C(CCCCCCCCCC)OC[C@]([H])(COP(OCC[N+](C)(C)C)([O-])=O)O,470.2524292,220.9,C19H40NO7P,[M+HCOO]-
LIPMETLIN00200,06:0 Diether PC,P(=O)([O-])(OCC[N+](C)(C)C)OC[C@@H](COCCCCCC)OCCCCCC,470.2888126,229.0333333,C20H44NO6P,[M+HCOO]-
LIPMETLIN00205,C8 Dihydroceramide (d18:0/8:0),CCCCCCCCCCCCCCC[C@H]([C@H](CO)N=C(CCCCCCC)O)O,472.400726,230.3666667,C26H53NO3,[M+HCOO]-
LIPMETLIN00206,dihydrolanosterol,C[C@]([C@@]1(C)[C@@]2([H])[C@@](C)([H])CCCC(C)C)(CC2)C(CC3)=C(CC1)[C@](CC4)(C)[C@]3([H])C(C)(C)[C@H]4O,473.3999974,219.8,C30H52O,[M+HCOO]-
LIPMETLIN00208,7a-hydroxy-3-oxo-4-cholestenoic acid,[H][C@@]12[C@]([C@](CC3)(C)C(C[C@H]2O)=CC3=O)([H])CC[C@@]4(C)[C@@]1([H])CC[C@]4([H])[C@]([H])(C)CCC[C@@H](C)C(O)=O,475.3064964,215.5666667,C27H42O4,[M+HCOO]-
LIPMETLIN00212,"3b,7a-DiOH-d2 Chol Acid",[H][C@@]12[C@]([C@](CC[C@@](O)([2H])C3)(C)C3=C[C@@]2([2H])O)([H])CC[C@@]4(C)[C@@]1([H])CC[C@]4([H])[C@]([H])(C)CCC[C@H](C(O)=O)C,479.3344964,217.4333333,C27H42D2O4,[M+HCOO]-
LIPMETLIN00213,"7?,24S,27-trihydroxycholesterol",C[C@]12CCC([C@](CC[C@H](O)C3)(C)C3=C[C@H]4O)C4C1CC[C@@H]2[C@H](C)CC[C@H](O)[C@@H](C)CO,479.3377948,216.5333333,C27H46O4,[M+HCOO]-
LIPMETLIN00215,C6(6-azido) Ceramide,OC[C@]([H])(NC(CCCCCN=[N+]=[N-])=O)[C@]([H])(O)/C=C/CCCCCCCCCCCCC,483.3551758,227.2,C24H46N4O3,[M+HCOO]-
LIPMETLIN00216,12:0 Lyso PC,O[C@](COP([O-])(OCC[N+](C)(C)C)=O)([H])COC(CCCCCCCCCCC)=O,484.2680784,225,C20H42NO7P,[M+HCOO]-
LIPMETLIN00218,N-08:0 Phytosphingosine,O[C@@H]([C@H]([C@H](CO)NC(CCCCCCC)=O)O)CCCCCCCCCCCCCC,488.395641,231.6333333,C26H53NO4,[M+HCOO]-
LIPMETLIN00224,Lyso SM (d17:1),[H][C@](N)(COP(OCC[N+](C)(C)C)([O-])=O)[C@@](O)([H])/C=C/CCCCCCCCCCCC,495.3204454,234.1,C22H47N2O5P,[M+HCOO]-
LIPMETLIN00226,N-C12-desoxymethylsphingosine,C([C@@H](/C=C/CCCCCCCCCCCCC)O)NC(=O)CCCCCCCCCCC,496.4371094,239.6,C29H57NO2,[M+HCOO]-
LIPMETLIN00228,06:0 PC (DHPC),[C@H](COC(=O)CCCCC)(OC(=O)CCCCC)COP(=O)(OCC[N+](C)(C)C)[O-],498.2473442,230,C20H40NO8P,[M+HCOO]-
LIPMETLIN00229,13:0 Lyso PC,O=C(CCCCCCCCCCCC)OC[C@]([H])(COP(OCC[N+](C)(C)C)([O-])=O)O,498.2837276,228.2,C21H44NO7P,[M+HCOO]-
LIPMETLIN00231,C10 Ceramide (d18:1/10:0),[H][C@](/C=C/CCCCCCCCCCCCC)(O)CNC(CCCCCCCCCCCCC/C=C\CCCCCCCC)=O,498.4163752,235.6,C28H55NO3,[M+HCOO]-
LIPMETLIN00232,N-C12-desoxymethylsphinganine,C([C@@H](CCCCCCCCCCCCCCC)O)NC(=O)CCCCCCCCCCC,498.4527586,240.1,C29H59NO2,[M+HCOO]-
LIPMETLIN00240,RBM14C12,OC[C@H](NC(CCCCCCCCCCC)=O)[C@H](O)CCOC1=CC=C(C=CC(O2)=O)C2=C1,506.2759266,225.1333333,C26H39NO6,[M+HCOO]-
LIPMETLIN00241,Galactosyl(á) Sphingosine (d18:1),[C@H]1(O[C@@H]([C@@H]([C@@H]([C@H]1O)O)O)CO)OC[C@@H]([C@@H](/C=C/CCCCCCCCCCCCC)O)N,506.3334384,226.1,C24H47NO7,[M+HCOO]-
LIPMETLIN00242,Glucosyl(a) Sphingosine (d18:1),O[C@H]1[C@@H](OC[C@H](N)[C@H](O)/C=C/CCCCCCCCCCCCC)O[C@H](CO)[C@H](O)[C@@H]1O,506.3334384,226.9,C24H47NO7,[M+HCOO]-
LIPMETLIN00243,Glucosyl(b) Sphingosine (d18:1),[H][C@](/C=C/CCCCCCCCCCCCC)(O)[C@](N)([H])CO[C@H](O1)[C@H](O)[C@@H](O)[C@@H]([C@H]1CO)O,506.3334384,227,C24H47NO7,[M+HCOO]-
LIPMETLIN00245,Lyso SM (d18:1),CCCCCCCCCCCCC/C=C/C(C(COP([O-])(OCC[N+](C)(C)C)=O)N)O,509.3360946,236.7,C23H49N2O5P,[M+HCOO]-
LIPMETLIN00249,N-C12-deoxysphingosine,C[C@@](NC(CCCCCCCCCCC)=O)([H])[C@]([H])(O)/C=C/CCCCCCCCCCCCC,510.4527586,244.2666667,C30H59NO2,[M+HCOO]-
LIPMETLIN00251,Lyso SM (dihydro) (d18:0),[C@H]([C@@H](CCCCCCCCCCCCCCC)O)(N)COP(=O)(OCC[N+](C)(C)C)[O-],511.3517438,235.3,C23H51N2O5P,[M+HCOO]-
LIPMETLIN00253,14:0 Lyso PC,O[C@](COP([O-])(OCC[N+](C)(C)C)=O)([H])COC(CCCCCCCCCCCCC)=O,512.2993768,231.9,C22H46NO7P,[M+HCOO]-
LIPMETLIN00254,N-12:0-1-deoxysphinganine,CCCCCCCCCCCCCCC[C@@H](O)[C@@H](NC(CCCCCCCCCCC)=O)C,512.4684078,243.1666667,C30H61NO2,[M+HCOO]-
LIPMETLIN00256,D-threo-PPMP,CCCCCCCCCCCCCCCC(N[C@@H]([C@@H](C1=CC=CC=C1)O)CN2CCOCC2)=O,519.3803262,234.1333333,C29H50N2O3,[M+HCOO]-
LIPMETLIN00259,C16(Plasm) LPC,[H][C@](O)(COP(OCC[N+](C)(C)C)([O-])=O)CO/C=C\CCCCCCCCCCCCCC,524.3357602,238.1666667,C24H50NO6P,[M+HCOO]-
LIPMETLIN00261,07:0 PC (DHPC),O=C(CCCCCC)OC[C@]([H])(COP(OCC[N+](C)(C)C)([O-])=O)OC(CCCCCC)=O,526.2786426,236.3,C22H44NO8P,[M+HCOO]-
LIPMETLIN00262,15:0 Lyso PC,C([C@H](COP(=O)([O-])OCC[N+](C)(C)C)O)OC(=O)CCCCCCCCCCCCCC,526.315026,235.2,C23H48NO7P,[M+HCOO]-
LIPMETLIN00264,C12 Ceramide (d18:1/12:0),OC[C@H](NC(=O)CCCCCCCCCCC)[C@H](O)/C=C/CCCCCCCCCCCCC,526.4476736,243.77,C30H59NO3,[M+HCOO]-
LIPMETLIN00265,C16 Ceramide (d14:1/16:0),[H][C@](NC(CCCCCCCCCCCCCCC)=O)(CO)[C@@](O)([H])/C=C/CCCCCCCCC,526.4476736,243.7333333,C30H59NO3,[M+HCOO]-
LIPMETLIN00267,Phytosphingosine Phosphocholine,O[C@]([H])(CCCCCCCCCCCCCC)[C@](O)([H])[C@](N)([H])COP([O-])(OCC[N+](C)(C)C)=O,527.3466588,240.1,C23H51N2O6P,[M+HCOO]-
LIPMETLIN00268,C12 Dihydroceramide (d18:0/12:0),OC[C@]([H])(NC(CCCCCCCCCCC)=O)[C@]([H])(O)CCCCCCCCCCCCCCC,528.4633228,246.4666667,C30H61NO3,[M+HCOO]-
LIPMETLIN00270,Galactosyl(b) Dimethyl Sphingosine (d18:1),[H][C@](/C=C/CCCCCCCCCCCCC)(O)[C@](N(C)C)([H])CO[C@H](O1)[C@H](O)[C@@H](O)[C@H]([C@H]1CO)O,534.3647368,234.4,C26H51NO7,[M+HCOO]-
LIPMETLIN00271,glucosyl (á) Sphingosine (d20:1),[H][C@](/C=C/CCCCCCCCCCCCCCC)(O)[C@](N)([H])CO[C@H](O1)[C@H](O)[C@@H](O)[C@@H]([C@H]1CO)O,534.3647368,234.6,C26H51NO7,[M+HCOO]-
LIPMETLIN00273,14:0-d27 Lyso PC,O[C@](COP([O-])(OCC[N+](C)(C)C)=O)([H])COC(C([2H])([2H])C([2H])([2H])C([2H])([2H])C([2H])([2H])C([2H])([2H])C([2H])([2H])C([2H])([2H])C([2H])([2H])C([2H])([2H])C([2H])([2H])C([2H])([2H])C([2H])([2H])C([2H])([2H])[2H])=O,539.4661126,232.8666667,C22H19NO7PD27,[M+HCOO]-
LIPMETLIN00274,16:0 Lyso PC,P(=O)(OCC(COC(=O)CCCCCCCCCCCCCCC)O)(OCC[N+](C)(C)C)O,540.3306752,239,C24H50NO7P,[M+HCOO]-
LIPMETLIN00275,2-16:0 Lyso PC,P(=O)([O-])(OCC[N+](C)(C)C)OC[C@@H](CO)OC(=O)CCCCCCCCCCCCCCC,540.3306752,238.6666667,C24H50NO7P,[M+HCOO]-
LIPMETLIN00276,C17 Lyso PAF,[C@H](COCCCCCCCCCCCCCCCCC)(O)COP(=O)(OCC[N+](C)(C)C)[O-],540.3670586,240.8333333,C25H54NO6P,[M+HCOO]-
LIPMETLIN00279,12:0(2S-OH) Ceramide,CCCCCCCCCCCCC/C=C/[C@@H](O)[C@@H](NC([C@@H](O)CCCCCCCCCC)=O)CO,542.4425886,245.9333333,C30H59NO4,[M+HCOO]-
LIPMETLIN00280,12:0(2S-OH) Ceramide,CCCCCCCCCCCCC/C=C/[C@@H](O)[C@@H](NC([C@@H](O)CCCCCCCCCC)=O)CO,542.4425886,245.9333333,C30H59NO4,[M+HCOO]-
LIPMETLIN00289,02:0 SM (d18:1/2:0),[H][C@](/C=C/CCCCCCCCCCCCC)(O)[C@@]([H])(NC(C)=O)COP([O-])(OCC[N+](C)(C)C)=O,551.3466588,241.6333333,C25H51N2O6P,[M+HCOO]-
LIPMETLIN00290,17:1 Lyso PC,O=C(CCCCCCC/C=C\CCCCCCC)OC[C@]([H])(COP(OCC[N+](C)(C)C)([O-])=O)O,552.3306752,239.4333333,C25H50NO7P,[M+HCOO]-
LIPMETLIN00291,C18(Plasm) LPC,[H][C@](O)(COP(OCC[N+](C)(C)C)([O-])=O)CO/C=C\CCCCCCCCCCCCCCCC,552.3670586,245.2666667,C26H54NO6P,[M+HCOO]-
LIPMETLIN00293,N-C16-desoxymethylsphingosine,C([C@@H](/C=C/CCCCCCCCCCCCC)O)NC(=O)CCCCCCCCCCCCCCC,552.4997062,252.8333333,C33H65NO2,[M+HCOO]-
LIPMETLIN00296,08:0 PC,[C@H](COC(=O)CCCCCCC)(OC(=O)CCCCCCC)COP(=O)(OCC[N+](C)(C)C)[O-],554.309941,242.3,C24H48NO8P,[M+HCOO]-
LIPMETLIN00297,17:0 Lyso PC,CCCCCCCCCCCCCCCCC(=O)OCC(COP(=O)([O-])OCC[N+](C)(C)C)O,554.3463244,242.9,C25H52NO7P,[M+HCOO]-
LIPMETLIN00298,C14 Ceramide (d18:1/14:0),[C@H]([C@@H](/C=C/CCCCCCCCCCCCC)O)(NC(=O)CCCCCCCCCCCCC)CO,554.478972,250.8666667,C32H63NO3,[M+HCOO]-
LIPMETLIN00299,N-C16-desoxymethylsphinganine,[H][C@](CCCCCCCCCCCCCCC)(O)CNC(CCCCCCCCCCCCCCC)=O,554.5153554,254.1666667,C33H67NO2,[M+HCOO]-
LIPMETLIN00302,C14 dihydroceramide (d18:0/14:0),O[C@@H]([C@H](CO)NC(CCCCCCCCCCCCC)=O)CCCCCCCCCCCCCCC,556.4946212,253.2333333,C32H65NO3,[M+HCOO]-
LIPMETLIN00304,14:0 DG,OC[C@@H](COC(=O)CCCCCCCCCCCCC)OC(=O)CCCCCCCCCCCCC,557.4422542,247.3333333,C31H60O5,[M+HCOO]-
LIPMETLIN00305,18:0 Dibromo MG (S-isomer),OC[C@@](O)([H])COC(CCCCCCCC(Br)C(Br)CCCCCCCC)=O,559.1275192,216.8666667,C21H40Br2O4,[M+HCOO]-
LIPMETLIN00311,RBM14C16,OC[C@H](NC(CCCCCCCCCCCCCCC)=O)[C@H](O)CCOC1=CC=C(C=CC(O2)=O)C2=C1,562.3385234,241.9333333,C30H47NO6,[M+HCOO]-
LIPMETLIN00312,18:2 Lyso PC,CCCCCC=CCC=CCCCCCCCC(OCC(O)COP([O-])(OCC[N+](C)(C)C)=O)=O,564.3306752,240.52,C26H50NO7P,[M+HCOO]-
LIPMETLIN00313,18:1 Lyso PC,O=C(CCCCCCC/C=C\CCCCCCCC)OC[C@]([H])(COP(OCC[N+](C)(C)C)([O-])=O)O,566.3463244,243.26,C26H52NO7P,[M+HCOO]-
LIPMETLIN00315,N-C16-deoxysphingosine,C[C@@](NC(CCCCCCCCCCCCCCC)=O)([H])[C@]([H])(O)/C=C/CCCCCCCCCCCCC,566.5153554,256.7,C34H67NO2,[M+HCOO]-
LIPMETLIN00318,2-18:0 Lyso PC,OC[C@]([H])(COP(OCC[N+](C)(C)C)([O-])=O)OC(CCCCCCCCCCCCCCCCC)=O,568.3619736,246.0666667,C26H54NO7P,[M+HCOO]-
LIPMETLIN00319,18:0 Lyso PC,O[C@](COP([O-])(OCC[N+](C)(C)C)=O)([H])COC(CCCCCCCCCCCCCCCCC)=O,568.3619736,246.2,C26H54NO7P,[M+HCOO]-
LIPMETLIN00320,2-18:0 Lyso PC,OC[C@]([H])(COP(OCC[N+](C)(C)C)([O-])=O)OC(CCCCCCCCCCCCCCCCC)=O,568.3619736,246.0666667,C26H54NO7P,[M+HCOO]-
LIPMETLIN00321,C15 Ceramide (d18:1/15:0),[H][C@](NC(CCCCCCCCCCCCCCCC)=O)(CO)[C@@](O)([H])/C=C/CCCCCCCCCCC,568.4946212,254.1,C33H65NO3,[M+HCOO]-
LIPMETLIN00322,N-C16-deoxysphinganine,C[C@@](NC(CCCCCCCCCCCCCCC)=O)([H])[C@]([H])(O)CCCCCCCCCCCCCCC,568.5310046,257.0333333,C34H69NO2,[M+HCOO]-
LIPMETLIN00325,"C16:0 Ceramide (d18:2(4E,8Z)/16:0)",OC[C@@](NC(CCCCCCCCCCCCCCC)=O)([H])[C@]([H])(O)/C=C/CC/C=C\CCCCCCCCC,580.4946212,255.9333333,C34H65NO3,[M+HCOO]-
LIPMETLIN00327,09:0 PC,O=C(CCCCCCCC)OC[C@]([H])(COP(OCC[N+](C)(C)C)([O-])=O)OC(CCCCCCCC)=O,582.3412394,248.5666667,C26H52NO8P,[M+HCOO]-
LIPMETLIN00328,16:0-02:0 PC,O=C(CCCCCCCCCCCCCCC)OC[C@]([H])(COP(OCC[N+](C)(C)C)([O-])=O)OC(C)=O,582.3412394,247.4333333,C26H52NO8P,[M+HCOO]-
LIPMETLIN00329,19:0 Lyso PC,O=C(CCCCCCCCCCCCCCCCCC)OC[C@]([H])(COP(OCC[N+](C)(C)C)([O-])=O)O,582.3776228,249.7666667,C27H56NO7P,[M+HCOO]-
LIPMETLIN00330,C17-02:0 PC,[H][C@](OC(C)=O)(COP(OCC[N+](C)(C)C)([O-])=O)COCCCCCCCCCCCCCCCCC,582.3776228,249.9666667,C27H56NO7P,[M+HCOO]-
LIPMETLIN00331,C16 Ceramide (d18:1/16:0),[H][C@](NC(CCCCCCCCCCCCCCCCC)=O)(CO)[C@@](O)([H])/C=C/CCCCCCCCCCC,582.5102704,257.8333333,C34H67NO3,[M+HCOO]-
LIPMETLIN00332,"12:0 N-Biotinyl fatty acid, NHS",[H][C@@]1(CCCCC(NCCCCCCCCCCCC(ON2C(CCC2=O)=O)=O)=O)SC[C@@]3([H])[C@]1([H])NC(N3)=O,583.2806944,231.8333333,C26H42N4O6S,[M+HCOO]-
LIPMETLIN00337,C16 Dihydroceramide (d18:0/16:0),OC[C@]([H])(NC(CCCCC)=O)[C@]([H])(O)CCCCCCCCCCCCCCC,584.5259196,259.2,C34H69NO3,[M+HCOO]-
LIPMETLIN00339,20:4 Lyso PC,O=P(OC[C@H](O)COC(CCC/C=C\C/C=C\C/C=C\C/C=C\CCCCC)=O)([O-])OCC[N+](C)(C)C,588.3306752,244.64,C28H50NO7P,[M+HCOO]-
LIPMETLIN00341,C16 Ceramide-d7 (d18:1-d7/16:0),OC[C@]([H])(NC(CCCCCCCCCCCCCCC)=O)[C@@](O)([H])/C=C/CCCCCCCCCCC(C(C([2H])([2H])[2H])([2H])[2H])([2H])[2H],589.5534982,258.06,C34H60D7NO3,[M+HCOO]-
LIPMETLIN00342,á-D-glucosyl cholesterol,C[C@H](CCCC(C)C)[C@H]1CCC2C3CC=C4C[C@@H](O[C@@H]5O[C@H](CO)[C@@H](O)[C@H](O)[C@H]5O)CC[C@]4(C)C3CC[C@]12C,593.4058708,273.6,C33H56O6,[M+HCOO]-
LIPMETLIN00343,Galactosyl Cholesterol,C[C@H](CCCC(C)C)[C@H]1CCC2C3CC=C4C[C@@H](O[C@@H]5O[C@H](CO)[C@H](O)[C@H](O)[C@H]5O)CC[C@]4(C)C3CC[C@]12C,593.4058708,270.1,C33H56O6,[M+HCOO]-
LIPMETLIN00344,C18:1 Ceramide (d17:1/18:1(9Z)),"CCCCCCCC/C=CCCCCCCCC(=O)N[C@@H](CO)[C@H](O)/C=C/CCCCCCCCCCCC	[H][C@@](O)(C=CCCCCCCCCCCCC)[C@]([H])(CO)NC(=O)CCCCCCCC=CCCCCCCCC",594.5102704,258.6,C35H67NO3,[M+HCOO]-
LIPMETLIN00348,CholPC,CC(CCC[C@@H](C)[C@@](CC[C@]1([C@](CC=C2C[C@](CC[C@]32C)(OP([O-])(OCC[N+](C)(C)C)=O)[H])4[H])[H])([C@]1(CC[C@@]43[H])C)[H])C,596.408527,280.2666667,C32H58NO4P,[M+HCOO]-
LIPMETLIN00350,C18 Ceramide (d17:1/18:0),OC[C@]([H])(NC(CCCCCCCCCCCCCCCCC)=O)[C@]([H])(O)/C=C/CCCCCCCCCCCC,596.5259196,260.5666667,C35H69NO3,[M+HCOO]-
LIPMETLIN00351,16:0(2R-OH) Ceramide,CCCCCCCCCCCCC/C=C/[C@@H](O)[C@@H](NC([C@H](O)CCCCCCCCCCCCCC)=O)CO,598.5051854,260.2,C34H67NO4,[M+HCOO]-
LIPMETLIN00355,N-16:0 Phytosphingosine,OC[C@@](NC(CCCCCCCCCCCCCCC)=O)([H])[C@@](O)([H])[C@H](O)CCCCCCCCCCCCCC,600.5208346,261.7,C34H69NO4,[M+HCOO]-
LIPMETLIN00357,06:0 SM (d18:1/6:0),[H][C@](/C=C/CCCCCCCCCCCCC)(O)[C@@]([H])(NC(CCCCC)=O)COP([O-])(OCC[N+](C)(C)C)=O,607.4092556,254.6666667,C29H59N2O6P,[M+HCOO]-
LIPMETLIN00358,C18:1 Ceramide (d18:1/18:1(9Z)),CCCCCCCC/C=C\CCCCCCCC(N[C@H]([C@@H](/C=C/CCCCCCCCCCCCC)O)CO)=O,608.5259196,261.88,C36H69NO3,[M+HCOO]-
LIPMETLIN00360,C18 Ceramide (d18:1/18:0),CCCCCCCCCCCCC/C=C/[C@H]([C@@H](NC(CCCCCCCCCCCCCCCCC)=O)CO)O,610.5415688,263.9,C36H71NO3,[M+HCOO]-
LIPMETLIN00361,C18:1 Dihydroceramide (d18:0/18:1(9Z)),OC[C@]([H])(NC(CCCCCCC/C=C\CCCCCCCC)=O)[C@]([H])(O)CCCCCCCCCCCCCCC,610.5415688,264.3,C36H71NO3,[M+HCOO]-
LIPMETLIN00362,C22 Ceramide (d14:1/22:0),[H][C@](NC(CCCCCCCCCCCCCCCCCCCCC)=O)(CO)[C@@](O)([H])/C=C/CCCCCCCCC,610.5415688,263.3,C36H71NO3,[M+HCOO]-
LIPMETLIN00363,C16-Urea-Ceramide,OC[C@]([H])(NC(NCCCCCCCCCCCCCCCC)=O)[C@]([H])(O)/C=C/CCCCCCCCCCCCC,611.5368182,264.5,C35H70N2O3,[M+HCOO]-
LIPMETLIN00365,22:6 Lyso PC,CCC=CCC=CCC=CCC=CCC=CCC=CCCC(OCC(O)COP([O-])(OCC[N+](C)(C)C)=O)=O,612.3306752,248.12,C30H50NO7P,[M+HCOO]-
LIPMETLIN00366,17:0(2R-OH) Ceramide,CCCCCCCCCCCCC/C=C/[C@H]([C@H](CO)NC(=O)[C@@H](CCCCCCCCCCCCCCC)O)O,612.5208346,263.6,C35H69NO4,[M+HCOO]-
LIPMETLIN00367,17:0(2S-OH) Ceramide,CCCCCCCCCCCCC/C=C/[C@@H](O)[C@@H](NC([C@@H](O)CCCCCCCCCCCCCCC)=O)CO,612.5208346,263.6,C35H69NO4,[M+HCOO]-
LIPMETLIN00368,C18 Dihydroceramide (d18:0/18:0),OC[C@]([H])(NC(CCCCCCCCCCCCCCCCC)=O)[C@]([H])(O)CCCCCCCCCCCCCCC,612.557218,265.9333333,C36H73NO3,[M+HCOO]-
LIPMETLIN00370,C18 Ceramide-d7 (d18:1-d7/18:0),OC[C@]([H])(NC(CCCCCCCCCCCCCCCCC)=O)[C@@](O)([H])/C=C/CCCCCCCCCCC(C(C([2H])([2H])[2H])([2H])[2H])([2H])[2H],617.5847966,264.36,C36H64D7NO3,[M+HCOO]-
LIPMETLIN00371,Glucosyl stigmasterol,C[C@H](/C=C/[C@@H](CC)C(C)C)[C@H]1CCC2C3CC=C4C[C@@H](O[C@@H]5O[C@H](CO)[C@@H](O)[C@H](O)[C@H]5O)CC[C@]4(C)C3CC[C@]12C,619.42152,281.2666667,C35H58O6,[M+HCOO]-
LIPMETLIN00374,22:0 Lyso PC,C([C@H](COP(=O)([O-])OCC[N+](C)(C)C)O)OC(=O)CCCCCCCCCCCCCCCCCCCCC,624.4245704,259.4333333,C30H62NO7P,[M+HCOO]-
LIPMETLIN00375,C18-04:0 PC,[H][C@](OC(CCC)=O)(COP(OCC[N+](C)(C)C)([O-])=O)COCCCCCCCCCCCCCCCCCC,624.4245704,258.5333333,C30H62NO7P,[M+HCOO]-
LIPMETLIN00376,18:1(2R-OH) Ceramide,CCCCCCCCCCCCC/C=C/[C@@H](O)[C@@H](NC([C@H](O)CCCCCC/C=C\CCCCCCCC)=O)CO,624.5208346,263.7,C36H69NO4,[M+HCOO]-
LIPMETLIN00377,18:1(2S-OH) Ceramide,CCCCCCCCCCCCC/C=C/[C@@H](O)[C@@H](NC([C@@H](O)CCCCCC/C=C\CCCCCCCC)=O)CO,624.5208346,264.5666667,C36H69NO4,[M+HCOO]-
LIPMETLIN00378,C20 Ceramide (d17:1/20:0),OC[C@]([H])(NC(CCCCCCCCCCCCCCCCCCC)=O)[C@]([H])(O)/C=C/CCCCCCCCCCCC,624.557218,266.8,C37H73NO3,[M+HCOO]-
LIPMETLIN00381,N-18:0 Phytosphingosine,O[C@@H]([C@H]([C@H](CO)NC(=O)CCCCCCCCCCCCCCCCC)O)CCCCCCCCCCCCCC,628.552133,268.5666667,C36H73NO4,[M+HCOO]-
LIPMETLIN00384,C8 Galactosyl(a) Ceramide (d18:1/8:0),[H][C@]([C@@]([H])(/C=C/CCCCCCCCCCCCC)O)(NC(CCCCCCC)=O)CO[C@@H](O1)[C@H](O)[C@@H](O)[C@H]([C@H]1CO)O,632.4378978,256.4,C32H61NO8,[M+HCOO]-
LIPMETLIN00385,C8 Galactosyl(b) Ceramide (d18:1/8:0),[H][C@](/C=C/CCCCCCCCCCCCC)(O)[C@@]([H])(NC(CCCCCCC)=O)CO[C@H](O1)[C@H](O)[C@@H](O)[C@H]([C@H]1CO)O,632.4378978,256.1333333,C32H61NO8,[M+HCOO]-
LIPMETLIN00386,C8 Glucosyl(b) Ceramide (d18:1/8:0),[H][C@](/C=C/CCCCCCCCCCCCC)(O)[C@@]([H])(NC(CCCCCCC)=O)CO[C@H](O1)[C@H](O)[C@@H](O)[C@@H]([C@H]1CO)O,632.4378978,256.7333333,C32H61NO8,[M+HCOO]-
LIPMETLIN00391,POVPC,[C@H](COC(=O)CCCCCCCCCCCCCCC)(OC(=O)CCCC=O)COP(=O)(OCC[N+](C)(C)C)[O-],638.3674528,256.8,C29H56NO9P,[M+HCOO]-
LIPMETLIN00392,11:0 PC,P(=O)([O-])(OCC[N+](C)(C)C)OC[C@@H](COC(=O)CCCCCCCCCC)OC(=O)CCCCCCCCCC,638.4038362,261,C30H60NO8P,[M+HCOO]-
LIPMETLIN00393,12:0 Diether PC,[C@H](COCCCCCCCCCCCC)(OCCCCCCCCCCCC)COP(=O)(OCC[N+](C)(C)C)[O-],638.476603,265.7,C32H68NO6P,[M+HCOO]-
LIPMETLIN00395,16:0-18:1 DG,OC[C@]([H])(OC(CCCCCCC/C=C\CCCCCCCC)=O)COC(CCCCCCCCCCCCCCC)=O,639.5205002,264.8,C37H70O5,[M+HCOO]-
LIPMETLIN00397,18:0-16:0 DG,OC[C@]([H])(OC(CCCCCCCCCCCCCCC)=O)COC(CCCCCCCCCCCCCCCCC)=O,641.5361494,266.6,C37H72O5,[M+HCOO]-
LIPMETLIN00401,C6(6-azido) GalCer,[H][C@](/C=C/CCCCCCCCCCCCC)(O)[C@@]([H])(NC(CCCCCN=[N+]=[N-])=O)CO[C@H](O1)[C@H](O)[C@@H](O)[C@H]([C@H]1CO)O,645.4079968,256.2333333,C30H56N4O8,[M+HCOO]-
LIPMETLIN00405,20:0(2R-OH) Ceramide,CCCCCCCCCCCCC/C=C/[C@@H](O)[C@@H](NC([C@H](O)CCCCCCCCCCCCCCCCCC)=O)CO,654.5677822,272.3666667,C38H75NO4,[M+HCOO]-
LIPMETLIN00406,20:0(2S-OH) Ceramide,CCCCCCCCCCCCC/C=C/[C@H]([C@H](CO)NC(=O)[C@H](CCCCCCCCCCCCCCCCCC)O)O,654.5677822,272.4333333,C38H75NO4,[M+HCOO]-
LIPMETLIN00409,N-C24:1-desoxymethylsphingosine,[H][C@](/C=C/CCCCCCCCCCCCC)(O)CNC(CCCCCCCCCCCCC/C=C\CCCCCCCC)=O,662.6092506,276.6,C41H79NO2,[M+HCOO]-
LIPMETLIN00411,N-C24:1-desoxymethylsphinganine,C([C@@H](CCCCCCCCCCCCCCC)O)NC(=O)CCCCCCCCCCCCC/C=C/CCCCCCCC,664.6248998,278.37,C41H81NO2,[M+HCOO]-
LIPMETLIN00414,12:0 PC (DLPC),O=C(CCCCCCCCCCC)OC[C@]([H])(COP(OCC[N+](C)(C)C)([O-])=O)OC(CCCCCCCCCCC)=O,666.4351346,267.3,C32H64NO8P,[M+HCOO]-
LIPMETLIN00415,C22 Ceramide (d18:1/22:0),CCCCCCCCCCCCCCCCCCCCCC(=N[C@@H](CO)[C@@H](/C=C/CCCCCCCCCCCCC)O)O,666.6041656,276.1,C40H79NO3,[M+HCOO]-
LIPMETLIN00417,Lactosyl(beta) Sphingosine (d18:1),C([C@@H]([C@@H](/C=C/CCCCCCCCCCCCC)O)N)O[C@@H]1O[C@@H]([C@H](C(C1O)O)O[C@@H]1O[C@@H]([C@@H](C(C1O)O)O)CO)CO,668.3862594,254.27,C30H57NO12,[M+HCOO]-
LIPMETLIN00418,Lyso GA2,O[C@H]1[C@@H](CO)O[C@@](O[C@H]2[C@@H](CO)O[C@](OC[C@H](N)[C@H](O)/C=C/CCCCCCCCCCCCC)([H])[C@H](O)[C@H]2O)([H])[C@H](O)[C@H]1O,668.3862594,252.1666667,C30H57NO12,[M+HCOO]-
LIPMETLIN00419,18:0 DG,CCCCCCCCCCCCCCCCCC(OCC(OC(CCCCCCCCCCCCCCCCC)=O)CO)=O,669.5674478,272.9666667,C39H76O5,[M+HCOO]-
LIPMETLIN00420,N-C24:1-deoxysphingosine,C[C@@](NC(CCCCCCCCCCCCC/C=C\CCCCCCCC)=O)([H])[C@]([H])(O)/C=C/CCCCCCCCCCCCC,676.6248998,280.7333333,C42H81NO2,[M+HCOO]-
LIPMETLIN00421,C24:1 Ceramide (d17:1/24:1(15Z)),OC[C@]([H])(NC(CCCCCCCCCCCCC/C=C\CCCCCCCC)=O)[C@]([H])(O)/C=C/CCCCCCCCCCCC,678.6041656,276.8666667,C41H79NO3,[M+HCOO]-
LIPMETLIN00424,26:0 Lyso PC,C[N+](C)(CCOP([O-])(OC[C@@](O)([H])COC(CCCCCCCCCCCCCCCCCCCCCCCCC)=O)=O)C,680.4871672,272.5666667,C34H70NO7P,[M+HCOO]-
LIPMETLIN00425,C24 Ceramide (d17:1/24:0),OC[C@]([H])(NC(CCCCCCCCCCCCCCCCCCCCCCC)=O)[C@]([H])(O)/C=C/CCCCCCCCCCCC,680.6198148,279.6,C41H81NO3,[M+HCOO]-
LIPMETLIN00426,Adamantanyl Galactosyl(á) Ceramide,[H][C@](/C=C/CCCCCCCCCCCCC)(O)[C@](NC(CC12C[C@H]3C[C@@H](C2)C[C@@H](C1)C3)=O)([H])CO[C@H](O4)[C@H](O)[C@@H](O)[C@@H](O)[C@H]4CO,682.453547,263.7,C36H63NO8,[M+HCOO]-
LIPMETLIN00427,Adamantanyl GlcCer,C([C@@H]([C@@H](/C=C/CCCCCCCCCCCCC)O)NC(=O)CC12CC3CC(CC(C3)C2)C1)O[C@@H]1O[C@@H]([C@H](C(C1O)O)O)CO,682.453547,264.0666667,C36H63NO8,[M+HCOO]-
LIPMETLIN00428,22:0(2R-OH) Ceramide,CCCCCCCCCCCCC/C=C/[C@H]([C@H](CO)NC(=O)[C@@H](CCCCCCCCCCCCCCCCCCCC)O)O,682.5990806,279,C40H79NO4,[M+HCOO]-
LIPMETLIN00429,22:0(2S-OH) Ceramide,CCCCCCCCCCCCC/C=C/[C@H]([C@H](CO)NC(=O)[C@H](CCCCCCCCCCCCCCCCCCCC)O)O,682.5990806,279.1333333,C40H79NO4,[M+HCOO]-
LIPMETLIN00431,17:0 cholesteryl ester,C[C@@]([H])(C1CC[C@@]2([H])[C@]3([H])CC=C4C[C@@H](OC(CCCCCCCCCCCCCCCC)=O)CC[C@]4(C)[C@@]3([H])CC[C@@]21C)CCCC(C)C,683.598352,292.9333333,C44H78O2,[M+HCOO]-
LIPMETLIN00433,C12 Galactosyl(b) Ceramide (d18:1/12:0),[H][C@](/C=C/CCCCCCCCCCCCC)(O)[C@@]([H])(NC(CCCCCCCCCCC)=O)CO[C@H](O1)[C@H](O)[C@@H](O)[C@H]([C@H]1CO)O,688.5004946,271.1,C36H69NO8,[M+HCOO]-
LIPMETLIN00434,C12 Glucosyl(b) Ceramide (d18:1/12:0),[H][C@](/C=C/CCCCCCCCCCCCC)(O)[C@@]([H])(NC(CCCCCCCCCCC)=O)CO[C@H](O1)[C@H](O)[C@@H](O)[C@@H]([C@H]1CO)O,688.5004946,270.9,C36H69NO8,[M+HCOO]-
LIPMETLIN00435,18:0-20:4 DG,CCCCC/C=CC/C=CC/C=CC/C=CCCCC(=O)O[C@@H](CO)COC(=O)CCCCCCCCCCCCCCCCC,689.5361494,272.7,C41H72O5,[M+HCOO]-
LIPMETLIN00437,12:0 SM (d18:1/12:0),[H][C@](/C=C/CCCCCCCCCCCCC)(O)[C@@]([H])(NC(CCCCCCCCCCC)=O)COP([O-])(OCC[N+](C)(C)C)=O,691.5031508,274.5333333,C35H71N2O6P,[M+HCOO]-
LIPMETLIN00438,"C24:0 Ceramide (d18:2(4E,8Z)/24:0)",OC[C@@](NC(CCCCCCCCCCCCCCCCCCCCCCC)=O)([H])[C@]([H])(O)/C=C/CC/C=C\CCCCCCCCC,692.6198148,280.9,C42H81NO3,[M+HCOO]-
LIPMETLIN00439,C24:1 Ceramide (d18:1/24:1(15Z)),OC[C@@H]([C@@H](/C=C/CCCCCCCCCCCCC)O)NC(CCCCCCCCCCCCC/C=C\CCCCCCCC)=O,692.6198148,280.66,C42H81NO3,[M+HCOO]-
LIPMETLIN00441,12:0 Dihydro SM (d18:0/12:0),C([C@@H]([C@@H](CCCCCCCCCCCCCCC)O)NC(=O)CCCCCCCCCCC)OP(=O)([O-])OCC[N+](C)(C)C,693.5188,276.5666667,C35H73N2O6P,[M+HCOO]-
LIPMETLIN00443,12:0 EPC,O=P(OCC[N+](C)(C)C)(OC[C@]([H])(OC(CCCCCCCCCCC)=O)COC(CCCCCCCCCCC)=O)OCC,694.466433,280.3,C34H68NO8P,[M+HCOO]-
LIPMETLIN00444,13:0 PC,[C@H](COC(=O)CCCCCCCCCCCC)(OC(=O)CCCCCCCCCCCC)COP(=O)(OCC[N+](C)(C)C)[O-],694.466433,273.2666667,C34H68NO8P,[M+HCOO]-
LIPMETLIN00445,14:0 Diether PC,[C@H](COCCCCCCCCCCCCCC)(OCCCCCCCCCCCCCC)COP(=O)(OCC[N+](C)(C)C)[O-],694.5391998,277.5,C36H76NO6P,[M+HCOO]-
LIPMETLIN00446,C24 Ceramide (d18:1/24:0),OC[C@@H]([C@@H](/C=C/CCCCCCCCCCCCC)O)NC(CCCCCCCCCCCCCCCCCCCCCCC)=O,694.635464,282.7666667,C42H83NO3,[M+HCOO]-
LIPMETLIN00447,C24:1 Dihydroceramide (d18:0/24:1(15Z)),OC[C@]([H])(NC(CCCCCCCCCCCCC/C=C\CCCCCCCC)=O)[C@]([H])(O)CCCCCCCCCCCCCCC,694.635464,282.7666667,C42H83NO3,[M+HCOO]-
LIPMETLIN00449,C24 Dihydroceramide (d18:0/24:0),"C([C@H]([C@@H](NC(=O)CCCCCCCCCCCCCCCCCCCCCCC)CO)(O))CCCCCCCCCCCCCC	LMSP02020012",696.6511132,285.2666667,C42H85NO3,[M+HCOO]-
LIPMETLIN00450,4ME 16:0 Diether DG,C([C@H](CO)OCCC(CCCC(CCCC(CCCC(C)C)C)C)C)OCCC(CCCC(CCCC(CCCC(C)C)C)C)C,697.671513,280.3,C43H88O3,[M+HCOO]-
LIPMETLIN00451,C24:1 Ceramide-d7 (d18:1-d7/24:1(15Z)),OC[C@]([H])(NC(CCCCCCCCCCCCC/C=C\CCCCCCCC)=O)[C@@](O)([H])/C=C/CCCCCCCCCCC(C(C([2H])([2H])[2H])([2H])[2H])([2H])[2H],699.6630426,281.02,C42H74D7NO3,[M+HCOO]-
LIPMETLIN00452,C24 Ceramide-d7 (d18:1-d7/24:0),OC[C@]([H])(NC(CCCCCCCCCCCCCCCCCCCCCCC)=O)[C@@](O)([H])/C=C/CCCCCCCCCCC(C(C([2H])([2H])[2H])([2H])[2H])([2H])[2H],701.6786918,283.08,C42H76D7NO3,[M+HCOO]-
LIPMETLIN00456,24:1(2R-OH) Ceramide,CCCCCCCCCCCCC/C=C/[C@@H](O)[C@@H](NC([C@H](O)CCCCCCCCCCCC/C=C\CCCCCCCC)=O)CO,708.6147298,282.8333333,C42H81NO4,[M+HCOO]-
LIPMETLIN00457,24:1(2S-OH) Ceramide,CCCCCCCCCCCCC/C=C/[C@@H](O)[C@@H](NC([C@@H](O)CCCCCCCCCCCC/C=C\CCCCCCCC)=O)CO,708.6147298,283.1333333,C42H81NO4,[M+HCOO]-
LIPMETLIN00458,18:0-PhoDAG,OC[C@]([H])(OC(CCCC1=CC=C(/N=N/C2=CC=C(CCCC)C=C2)C=C1)=O)COC(CCCCCCCCCCCCCCCCC)=O,709.4797006,290.7,C41H64N2O5,[M+HCOO]-
LIPMETLIN00459,24:0(2R-OH) Ceramide,CCCCCCCCCCCCC/C=C/[C@@H](O)[C@@H](NC([C@H](O)CCCCCCCCCCCCCCCCCCCCCC)=O)CO,710.630379,285,C42H83NO4,[M+HCOO]-
LIPMETLIN00460,24:0(2S-OH) Ceramide,CCCCCCCCCCCCC/C=C/[C@@H](O)[C@@H](NC([C@@H](O)CCCCCCCCCCCCCCCCCCCCCC)=O)CO,710.630379,285.0333333,C42H83NO4,[M+HCOO]-
LIPMETLIN00463,N-24:0 Phytosphingosine,O[C@]([H])(CCCCCCCCCCCCCC)[C@](O)([H])[C@@]([H])(NC(CCCCCCCCCCCCCCCCCCCCCCC)=O)CO,712.6460282,288.1333333,C42H85NO4,[M+HCOO]-
LIPMETLIN00465,18:0-22:6 DG,OC[C@]([H])(OC(CC/C=C\C/C=C\C/C=C\C/C=C\C/C=C\C/C=C\CC)=O)COC(CCCCCCCCCCCCCCCCC)=O,713.5361494,276.5,C43H72O5,[M+HCOO]-
LIPMETLIN00467,14:1 (delta9-Trans) PC,O=C(CCCCCCC/C=C/CCCC)OC[C@]([H])(COP(OCC[N+](C)(C)C)([O-])=O)OC(CCCCCCC/C=C/CCCC)=O,718.466433,277.5333333,C36H68NO8P,[M+HCOO]-
LIPMETLIN00468,PC(14:1(9Z)/14:1(9Z)),[O-]P(OCC[N+](C)(C)C)(OC[C@]([H])(OC(CCCCCCC/C=C\CCCC)=O)COC(CCCCCCC/C=C\CCCC)=O)=O,718.466433,275.6666667,C36H68NO8P,[M+HCOO]-
LIPMETLIN00470,14:0 SM (d18:1/14:0),[C@H]([C@@H](/C=C/CCCCCCCCCCCCC)O)(NC(=O)CCCCCCCCCCCCC)COP(=O)(OCC[N+](C)(C)C)[O-],719.5344492,280.6,C37H75N2O6P,[M+HCOO]-
LIPMETLIN00472,14:0 PC (DMPC),P(=O)([O-])(OCC[N+](C)(C)C)OC[C@@H](COC(=O)CCCCCCCCCCCCC)OC(=O)CCCCCCCCCCCCC,722.4977314,278.5666667,C36H72NO8P,[M+HCOO]-
LIPMETLIN00474,N-24:0 (2S-OH) Phytosphingosine,O[C@@H]([C@H]([C@H](CO)NC(=O)[C@H](CCCCCCCCCCCCCCCCCCCCCC)O)O)CCCCCCCCCCCCCC,728.6409432,289.5333333,C42H85NO5,[M+HCOO]-
LIPMETLIN00485,C16 Galactosyl(?) Ceramide (d18:1/16:0),[H][C@]([C@@]([H])(/C=C/CCCCCCCCCCCCC)O)(NC(CCCCCCCCCCCCCCC)=O)CO[C@@H](O1)[C@H](O)[C@@H](O)[C@H]([C@H]1CO)O,744.5630914,284.3666667,C40H77NO8,[M+HCOO]-
LIPMETLIN00487,16:1 SM (d18:1/16:1(9Z)),[H][C@](NC(CCCCCCC/C=C\CCCCCC)=O)(COP(OCC[N+](C)(C)C)([O-])=O)[C@@](O)([H])/C=C/CCCCCCCCCCCCC,745.5500984,285.5,C39H77N2O6P,[M+HCOO]-
LIPMETLIN00489,C16 Galactosyl (a) Dihydroceramide (d18:0/16:0),[H][C@]([C@@]([H])(CCCCCCCCCCCCCCC)O)(NC(CCCCCCCCCCCCCCC)=O)CO[C@@H](O1)[C@H](O)[C@@H](O)[C@H]([C@H]1CO)O,746.5787406,286,C40H79NO8,[M+HCOO]-
LIPMETLIN00490,C16 Galactosyl (B) Dihydroceramide (d18:0/16:0),[C@H]([C@@H](CCCCCCCCCCCCCCC)O)(NC(=O)CCCCCCCCCCCCCCC)CO[C@@H]1O[C@@H]([C@@H](C(C1O)O)O)CO,746.5787406,286.53,C40H79NO8,[M+HCOO]-
LIPMETLIN00493,16:0 SM (d18:1/16:0),[H][C@](NC(CCCCCCCCCCCCCCC)=O)(COP(OCC[N+](C)(C)C)([O-])=O)[C@@](O)([H])/C=C/CCCCCCCCCCCCC,747.5657476,287.24,C39H79N2O6P,[M+HCOO]-
LIPMETLIN00499,14:0-d27-14:0 PC,[O-]P(OCC[N+](C)(C)C)(OC[C@]([H])(OC(CCCCCCCCCCCCC)=O)COC(C([2H])([2H])C([2H])([2H])C([2H])([2H])C([2H])([2H])C([2H])([2H])C([2H])([2H])C([2H])([2H])C([2H])([2H])C([2H])([2H])C([2H])([2H])C([2H])([2H])C([2H])([2H])C([2H])([2H])[2H])=O)=O,749.6644672,279.6333333,C36H45NO8PD27,[M+HCOO]-
LIPMETLIN00500,14:0 EPC,P(=O)(OCC)(OCC[N+](C)(C)C)OC[C@@H](COC(=O)CCCCCCCCCCCCC)OC(=O)CCCCCCCCCCCCC,750.5290298,292.67,C38H76NO8P,[M+HCOO]-
LIPMETLIN00501,14:0-16:0 PC,[O-]P(OCC[N+](C)(C)C)(OC[C@]([H])(OC(CCCCCCCCCCCCCCC)=O)COC(CCCCCCCCCCCCC)=O)=O,750.5290298,284.4666667,C38H76NO8P,[M+HCOO]-
LIPMETLIN00502,15:0 PC,P(=O)([O-])(OCC[N+](C)(C)C)OC[C@@H](COC(=O)CCCCCCCCCCCCCC)OC(=O)CCCCCCCCCCCCCC,750.5290298,284.1666667,C38H76NO8P,[M+HCOO]-
LIPMETLIN00504,16:0-14:0 PC,P(=O)([O-])(OCC[N+](C)(C)C)OC[C@@H](COC(=O)CCCCCCCCCCCCCCC)OC(=O)CCCCCCCCCCCCC,750.5290298,284.2666667,C38H76NO8P,[M+HCOO]-
LIPMETLIN00505,16:0 Diether PC,[C@H](COCCCCCCCCCCCCCCCC)(OCCCCCCCCCCCCCCCC)COP(=O)(OCC[N+](C)(C)C)[O-],750.6017966,289.3,C40H84NO6P,[M+HCOO]-
LIPMETLIN00507,Chol-C10-PC,CC(CCC[C@@H](C)[C@@](CC[C@]1([C@](CC=C2C[C@](CC[C@]32C)(OCCCCCCCCCCOP([O-])(OCC[N+](C)(C)C)=O)[H])4[H])[H])([C@]1(CC[C@@]43[H])C)[H])C,752.559934,286.4333333,C42H78NO5P,[M+HCOO]-
LIPMETLIN00509,DGTS,C([C@H](COCCC(C(=O)[O-])[N+](C)(C)C)OC(=O)CCCCCCCCCCCCCCC)OC(=O)CCCCCCCCCCCCCCC,756.5994748,289.9666667,C42H81NO7,[M+HCOO]-
LIPMETLIN00511,C17 Glucosyl(beta) Ceramide (d18:1/17:0),C([C@@H]([C@@H](/C=C/CCCCCCCCCCCCC)O)NC(=O)CCCCCCCCCCCCCCCC)O[C@@H]1O[C@@H]([C@H](C(C1O)O)O)CO,758.5787406,287.73,C41H79NO8,[M+HCOO]-
LIPMETLIN00513,17:0 SM (d18:1/17:0),[H][C@](NC(CCCCCCCCCCCCCCCC)=O)(COP(OCC[N+](C)(C)C)([O-])=O)[C@@](O)([H])/C=C/CCCCCCCCCCCCC,761.5813968,290.5333333,C40H81N2O6P,[M+HCOO]-
LIPMETLIN00516,16:0-a15:0 PC,[O-]P(OCC[N+](C)(C)C)(OC[C@]([H])(OC(CCCCCCCCCC[C@H](C)CC)=O)COC(CCCCCCCCCCCCCCC)=O)=O,764.544679,287.1333333,C39H78NO8P,[M+HCOO]-
LIPMETLIN00517,16:0-i15:0 PC,[O-]P(OCC[N+](C)(C)C)(OC[C@]([H])(OC(CCCCCCCCCCCC(C)C)=O)COC(CCCCCCCCCCCCCCC)=O)=O,764.544679,287.4333333,C39H78NO8P,[M+HCOO]-
LIPMETLIN00525,C18:1 Galactosyl(b) Ceramide (d18:1/18:1(9Z)),[H][C@](/C=C/CCCCCCCCCCCCC)(O)[C@@]([H])(NC(CCCCCCC/C=C\CCCCCCCC)=O)CO[C@H](O1)[C@H](O)[C@@H](O)[C@@H](O)[C@H]1CO,770.5787406,288.6,C42H79NO8,[M+HCOO]-
LIPMETLIN00526,C18:1 Glucosyl(b) Ceramide (d18:1/18:1(9Z)),[H][C@](/C=C/CCCCCCCCCCCCC)(O)[C@@]([H])(NC(CCCCCCC/C=C\CCCCCCCC)=O)CO[C@H](O1)[C@H](O)[C@@H](O)[C@@H]([C@H]1CO)O,770.5787406,288.8,C42H79NO8,[M+HCOO]-
LIPMETLIN00528,16:0 propargyl SM (d18:1-16:0),CCCCCCCCCCCCC/C=C/[C@@H](O)[C@@H](NC(CCCCCCCCCCCCCCC)=O)COP([O-])(OCC[N+](C)(CC#C)C)=O,771.5657476,290.9,C41H79N2O6P,[M+HCOO]-
LIPMETLIN00529,C18 Galactosyl(b) Ceramide (d18:1/18:0),C([C@@H]([C@@H](/C=C/CCCCCCCCCCCCC)O)NC(=O)CCCCCCCCCCCCCCCCC)O[C@@H]1O[C@@H]([C@@H](C(C1O)O)O)CO,772.5943898,290.2333333,C42H81NO8,[M+HCOO]-
LIPMETLIN00530,C18 Glucosyl(á) Ceramide (d18:1/18:0),[H][C@](NC(CCCCCCCCCCCCCCCCC)=O)(CO[C@H]1[C@H](O)[C@@H](O)[C@@H]([C@@H](CO)O1)O)[C@@](O)([H])/C=C/CCCCCCCCCCCCC,772.5943898,290.6333333,C42H81NO8,[M+HCOO]-
LIPMETLIN00532,18:1 SM (d18:1/18:1(9Z)),[H][C@](NC(CCCCCCC/C=C\CCCCCCCC)=O)(COP(OCC[N+](C)(C)C)([O-])=O)[C@@](O)([H])/C=C/CCCCCCCCCCCCC,773.5813968,291.4666667,C41H81N2O6P,[M+HCOO]-
LIPMETLIN00534,18:0 SM (d18:1/18:0),[H][C@](/C=C/CCCCCCCCCCCCC)(O)[C@@]([H])(NC(CCCCCCCCCCCCCCCCC)=O)COP([O-])(OCC[N+](C)(C)C)=O,775.597046,293.5,C41H83N2O6P,[M+HCOO]-
LIPMETLIN00535,18:1-14:0 PC,[O-]P(OCC[N+](C)(C)C)(OC[C@]([H])(OC(CCCCCCCCCCCCC)=O)COC(CCCCCCC/C=C\CCCCCCCC)=O)=O,776.544679,288.2,C40H78NO8P,[M+HCOO]-
LIPMETLIN00537,14:0-18:0 PC,[O-]P(OCC[N+](C)(C)C)(OC[C@]([H])(OC(CCCCCCCCCCCCCCCCC)=O)COC(CCCCCCCCCCCCC)=O)=O,778.5603282,290.22,C40H80NO8P,[M+HCOO]-
LIPMETLIN00538,16:0 2-PC,[O-]P(OCC[N+](C)(C)C)(OC(COC(CCCCCCCCCCCCCCC)=O)COC(CCCCCCCCCCCCCCC)=O)=O,778.5603282,289.2333333,C40H80NO8P,[M+HCOO]-
LIPMETLIN00539,16:0 PC (DPPC),CCCCCCCCCCCCCCCC(OC[C@H](OC(CCCCCCCCCCCCCCC)=O)COP([O-])(OCC[N+](C)(C)C)=O)=O,778.5603282,290,C40H80NO8P,[M+HCOO]-
LIPMETLIN00540,16:0 PC (DPPC),CCCCCCCCCCCCCCCC(OC[C@H](OC(CCCCCCCCCCCCCCC)=O)COP([O-])(OCC[N+](C)(C)C)=O)=O,778.5603282,290,C40H80NO8P,[M+HCOO]-
LIPMETLIN00552,C18(2R-OH) Galactosyl(beta) Ceramide,[H][C@](/C=C/CCCCCCCCCCCCC)(O)[C@@]([H])(NC([C@H](O)CCCCCCCCCCCCCCCC)=O)CO[C@H](O1)[C@H](O)[C@@H](O)[C@H]([C@H]1CO)O,788.5893048,293,C42H81NO9,[M+HCOO]-
LIPMETLIN00553,C18(2S-OH) Galactosyl(b) Ceramide,[H][C@](/C=C/CCCCCCCCCCCCC)(O)[C@@]([H])(NC([C@@H](O)CCCCCCCCCCCCCCCC)=O)CO[C@H](O1)[C@H](O)[C@@H](O)[C@H]([C@H]1CO)O,788.5893048,293,C42H81NO9,[M+HCOO]-
LIPMETLIN00556,15:0-18:1 PC,[O-]P(OCC[N+](C)(C)C)(OC[C@]([H])(OC(CCCCCCC/C=C\CCCCCCCC)=O)COC(CCCCCCCCCCCCCC)=O)=O,790.5603282,291.2666667,C41H80NO8P,[M+HCOO]-
LIPMETLIN00557,16:0-17:0 cyclo PC,[O-]P(OCC[N+](C)(C)C)(OC[C@]([H])(OC(CCCCCCCC1C(C1)CCCCCC)=O)COC(CCCCCCCCCCCCCCC)=O)=O,790.5603282,291.2333333,C41H80NO8P,[M+HCOO]-
LIPMETLIN00559,C16-18:1 PC,[H][C@](OC(CCCCCCC/C=C\CCCCCCCC)=O)(COP(OCC[N+](C)(C)C)([O-])=O)COCCCCCCCCCCCCCCCC,790.5967116,293.1666667,C42H84NO7P,[M+HCOO]-
LIPMETLIN00565,C8 Lactosyl(b) Ceramide (d18:1/8:0),[H][C@](/C=C/CCCCCCCCCCCCC)(O)[C@@]([H])(NC(CCCCCCC)=O)CO[C@H](O1)[C@H](O)[C@@H](O)[C@@H]([C@H]1CO)O[C@H](O2)[C@H](O)[C@@H](O)[C@H]([C@H]2CO)O,794.4907188,281.9,C38H71NO13,[M+HCOO]-
LIPMETLIN00566,C8 L-threo-Lactosyl(á) Ceramide (d18:1/8:0),CCCCCCCCCCCCC/C=C/[C@@](O)([H])[C@@]([H])(NC(CCCCCCC)=O)CO[C@H](O1)[C@H](O)[C@@H](O)[C@@H]([C@H]1CO)O[C@H](O2)[C@H](O)[C@@H](O)[C@H]([C@H]2CO)O,794.4907188,283.4666667,C38H71NO13,[M+HCOO]-
LIPMETLIN00569,16:0-16:0 (16-F) PC,[O-]P(OCC[N+](C)(C)C)(OC[C@]([H])(OC(CCCCCCCCCCCCCCC([H])([H])F)=O)COC(CCCCCCCCCCCCCCC)=O)=O,796.5509068,288.8666667,C40H79NO8PF,[M+HCOO]-
LIPMETLIN00570,16:0(alkyne)-18:1 PC,P(=O)([O-])(OCC[N+](C)(C)C)OC[C@@H](COC(=O)CCCCCCCCCCCCCC#C)OC(=O)CCCCCCC/C=C\CCCCCCCC,800.544679,290.6,C42H78NO8P,[M+HCOO]-
LIPMETLIN00572,16:0-18:1 DG glucose,[H][C@](COC(CCCCCCCCCCCCCCC)=O)(OC(CCCCCCC/C=C\CCCCCCCC)=O)CO[C@H](O1)[C@H](O)[C@@H](O)[C@@H]([C@H]1CO)O,801.5733212,293.6333333,C43H80O10,[M+HCOO]-
LIPMETLIN00573,BbGL-2,O[C@H]1[C@@H](O)[C@@H](CO)O[C@H](OC[C@H](OC(CCCCCCCCCCCCCCC)=O)COC(CCCCCCC/C=C\CCCCCCCC)=O)[C@@H]1O,801.5733212,292.3333333,C43H80O10,[M+HCOO]-
LIPMETLIN00574,MGlc-DAG,[H][C@@](CO[C@@H](O1)[C@H](O)[C@@H](O)[C@@H]([C@H]1CO)O)(OC(CCCCCCC/C=C\CCCCCCCC)=O)COC(CCCCCCCCCCCCCCC)=O,801.5733212,290.7666667,C43H80O10,[M+HCOO]-
LIPMETLIN00575,16:0-18:2 PC,[O-]P(OCC[N+](C)(C)C)(OC[C@]([H])(OC(CCCCCCC/C=C\C/C=C\CCCCC)=O)COC(CCCCCCCCCCCCCCC)=O)=O,802.5603282,292.4,C42H80NO8P,[M+HCOO]-
LIPMETLIN00577,16:0 Azidoethyl SM (d18:1/16:0),CCCCCCCCCCCCC/C=C/[C@@H](O)[C@@H](NC(CCCCCCCCCCCCCCC)=O)COP([O-])(OCC[N+](C)(CCN=[N+]=[N-])C)=O,802.5827942,294.7666667,C40H80N5O6P,[M+HCOO]-
LIPMETLIN00578,18:1 Diether PC,[O-]P(OCC[N+](C)(C)C)(OC[C@]([H])(OCCCCCCCC/C=C\CCCCCCCC)COCCCCCCCC/C=C\CCCCCCCC)=O,802.633095,296.9666667,C44H88NO6P,[M+HCOO]-
LIPMETLIN00579,Hydrogenated MGDG,C([C@@H](COC(=O)CCCCCCCCCCCCCCCCC)OC(=O)CCCCCCCCCCCCCCC)O[C@@H]1O[C@@H]([C@@H](C(C1O)O)O)CO,803.5889704,294.6333333,C43H82O10,[M+HCOO]-
LIPMETLIN00581,16:0-18:1 PC,P(=O)([O-])(OCC[N+](C)(C)C)OC[C@@H](COC(=O)CCCCCCC/C=C\CCCCCCCC)OC(=O)CCCCCCCCCCCCCCC,804.5759774,293.7333333,C42H82NO8P,[M+HCOO]-
LIPMETLIN00582,18:1(n10)-16:0 PC,[O-]P(OCC[N+](C)(C)C)(OC[C@]([H])(OC(CCCCCCCCCCCCCCC)=O)COC(CCCCCC/C=C\CCCCCCCCC)=O)=O,804.5759774,292.5,C42H82NO8P,[M+HCOO]-
LIPMETLIN00583,16:0-18:1 PC,P(=O)([O-])(OCC[N+](C)(C)C)OC[C@@H](COC(=O)CCCCCCC/C=C\CCCCCCCC)OC(=O)CCCCCCCCCCCCCCC,804.5759774,293.7333333,C42H82NO8P,[M+HCOO]-
LIPMETLIN00586,16:0-18:0 PC,P(=O)([O-])(OCC[N+](C)(C)C)OC[C@@H](COC(=O)CCCCCCCCCCCCCCC)OC(=O)CCCCCCCCCCCCCCCCC,806.5916266,295.2666667,C42H84NO8P,[M+HCOO]-
LIPMETLIN00587,17:0 PC,[C@H](COC(=O)CCCCCCCCCCCCCCCC)(OC(=O)CCCCCCCCCCCCCCCC)COP(=O)(OCC[N+](C)(C)C)[O-],806.5916266,295.8666667,C42H84NO8P,[M+HCOO]-
LIPMETLIN00597,C18(Plasm)-18:1 PC,[H][C@](OC(CCCCCCC/C=C\CCCCCCCC)=O)(COP(OCC[N+](C)(C)C)([O-])=O)CO/C=C\CCCCCCCCCCCCCCCC,816.6123608,298.8,C44H86NO7P,[M+HCOO]-
LIPMETLIN00599,MGDG,C([C@@H](COC(=O)CCCCCCC/C=C\C/C=C\C/C=C\CC)OC(=O)CCCCCCC/C=C\C/C=C\C/C=C\CC)O[C@@H]1O[C@@H]([C@@H](C(C1O)O)O)CO,819.5263736,291.4666667,C45H74O10,[M+HCOO]-
LIPMETLIN00601,18:1 (delta9-Cis) PG,[H][C@@](COP(O)(OCC(O)CO)=O)(OC(CCCCCCC/C=C\CCCCCCCC)=O)COC(CCCCCCC/C=C\CCCCCCCC)=O,819.5392596,298.3333333,C42H79O10P,[M+HCOO]-
LIPMETLIN00609,18:3 PC,[O-]P(OCC[N+](C)(C)C)(OC[C@]([H])(OC(CCCCCCC/C=C\C/C=C\C/C=C\CC)=O)COC(CCCCCCC/C=C\C/C=C\C/C=C\CC)=O)=O,822.5290298,291.66,C44H76NO8P,[M+HCOO]-
LIPMETLIN00611,16:0-20:4 PC,O=C(CCCCCCCCCCCCCCC)OC[C@]([H])(COP(OCC[N+](C)(C)C)([O-])=O)OC(CCC/C=C\C/C=C\C/C=C\C/C=C\CCCCC)=O,826.5603282,295.7,C44H80NO8P,[M+HCOO]-
LIPMETLIN00612,18:2 (Cis) PC (DLPC),[O-]P(OCC[N+](C)(C)C)(OC[C@]([H])(OC(CCCCCCC/C=C\C/C=C\CCCCC)=O)COC(CCCCCCC/C=C\C/C=C\CCCCC)=O)=O,826.5603282,294.2666667,C44H80NO8P,[M+HCOO]-
LIPMETLIN00613,18:2 (Cis) PC (DLPC),[O-]P(OCC[N+](C)(C)C)(OC[C@]([H])(OC(CCCCCCC/C=C\C/C=C\CCCCC)=O)COC(CCCCCCC/C=C\C/C=C\CCCCC)=O)=O,826.5603282,294.2666667,C44H80NO8P,[M+HCOO]-
LIPMETLIN00616,Lyso GB3 (synthetic),O[C@H]1[C@H](OC[C@H](N)[C@H](O)/C=C/CCCCCCCCCCCCC)O[C@H](CO)[C@@H](O[C@@H]2O[C@H](CO)[C@@H]([C@H](O)[C@H]2O)O[C@H]3O[C@H](CO)[C@@H]([C@H](O)[C@H]3O)O)[C@@H]1O,830.4390804,273.5666667,C36H67NO17,[M+HCOO]-
LIPMETLIN00619,18:0-18:2 PC,[O-]P(OCC[N+](C)(C)C)(OC[C@]([H])(OC(CCCCCCC/C=C\C/C=C\CCCCC)=O)COC(CCCCCCCCCCCCCCCCC)=O)=O,830.5916266,298.22,C44H84NO8P,[M+HCOO]-
LIPMETLIN00620,18:1 (8-cis) PC,P(=O)([O-])(OCC[N+](C)(C)C)OC[C@@H](COC(=O)CCCCCC/C=C\CCCCCCCCC)OC(=O)CCCCCC/C=C\CCCCCCCCC,830.5916266,297.8333333,C44H84NO8P,[M+HCOO]-
LIPMETLIN00621,18:1 (?9-Cis) PC (DOPC),[O-]P(OCC[N+](C)(C)C)(OC[C@]([H])(OC(CCCCCCC/C=C\CCCCCCCC)=O)COC(CCCCCCC/C=C\CCCCCCCC)=O)=O,830.5916266,297.8,C44H84NO8P,[M+HCOO]-
LIPMETLIN00622,18:1 (delta6-Cis) PC,[C@H](COC(=O)CCCC/C=C\CCCCCCCCCCC)(OC(=O)CCCC/C=C\CCCCCCCCCCC)COP(=O)(OCC[N+](C)(C)C)[O-],830.5916266,298.8333333,C44H84NO8P,[M+HCOO]-
LIPMETLIN00623,PC(18:1(9E)/18:1(9E)),[O-]P(OCC[N+](C)(C)C)(OC[C@]([H])(OC(CCCCCCC/C=C/CCCCCCCC)=O)COC(CCCCCCC/C=C/CCCCCCCC)=O)=O,830.5916266,300.1,C44H86NO7P,[M+HCOO]-
LIPMETLIN00624,18:1 PC,O=C(CCCCCCC/C=C\CCCCCCCC)OC[C@]([H])(COP(OCC[N+](C)(C)C)([O-])=O)OC(CCCCCCC/C=C\CCCCCCCC)=O,830.5916266,297.82,C44H84NO8P,[M+HCOO]-
LIPMETLIN00626,PC(18:1(9E)/18:1(9E)),[O-]P(OCC[N+](C)(C)C)(OC[C@]([H])(OC(CCCCCCC/C=C/CCCCCCCC)=O)COC(CCCCCCC/C=C/CCCCCCCC)=O)=O,830.5916266,300.1,C44H84NO8P,[M+HCOO]-
LIPMETLIN00627,BbGL-1,C[C@H](CCCC(C)C)[C@H]1CCC2C3CC=C4C[C@@H](O[C@@H]5O[C@H](COC(CCCCCCCCCCCCCCC)=O)[C@H](O)[C@H](O)[C@H]5O)CC[C@]4(C)C3CC[C@]12C,831.6355238,320.7666667,C49H86O7,[M+HCOO]-
LIPMETLIN00632,18:0-18:1 PC,[O-]P(OCC[N+](C)(C)C)(OC[C@]([H])(OC(CCCCCCC/C=C\CCCCCCCC)=O)COC(CCCCCCCCCCCCCCCCC)=O)=O,832.6072758,299.82,C44H86NO8P,[M+HCOO]-
LIPMETLIN00633,18:1-18:0 PC,[O-]P(OCC[N+](C)(C)C)(OC[C@]([H])(OC(CCCCCCCCCCCCCCCCC)=O)COC(CCCCCCC/C=C\CCCCCCCC)=O)=O,832.6072758,299.2333333,C44H86NO8P,[M+HCOO]-
LIPMETLIN00635,18:0 PC,[O-]P(OCC[N+](C)(C)C)(OC[C@]([H])(OC(CCCCCCCCCCCCCCCCC)=O)COC(CCCCCCCCCCCCCCCCC)=O)=O,834.622925,301.36,C44H88NO8P,[M+HCOO]-
LIPMETLIN00640,C18(Plasm)-20:4 PC,[O-]P(OCC[N+](C)(C)C)(OC[C@]([H])(OC(CCC/C=C\C/C=C\C/C=C\C/C=C\CCCCC)=O)CO/C=C\CCCCCCCCCCCCCCCC)=O,838.5967116,300.58,C46H84NO7P,[M+HCOO]-
LIPMETLIN00643,Milk SM,[H][C@](NC(CCCCCCCCCCCCCCCCCCCCCC)=O)(COP(OCC[N+](C)(C)C)([O-])=O)[C@@](O)([H])/C=C/CCCCCCCCCCCCC,845.675292,307.6666667,C46H93N2O6P,[M+HCOO]-
LIPMETLIN00644,18:0-16:0(16-azido) PC,P(=O)([O-])(OCC[N+](C)(C)C)OC[C@@H](COC(=O)CCCCCCCCCCCCCCCCC)OC(=O)CCCCCCCCCCCCCCCN=[N+]=[N-],847.593024,298.33,C42H83N4O8P,[M+HCOO]-
LIPMETLIN00646,16:0-16:0(acrylate) PC,[H][C@@](COP([O-])(OCC[N+](C)(C)C)=O)(OC(CCCCCCCCCCCCCCCOC(C=C)=O)=O)COC(CCCCCCCCCCCCCCC)=O,848.5658074,298.9,C43H82NO10P,[M+HCOO]-
LIPMETLIN00650,C12 Lactosyl(á) Ceramide  (d18:1/12:0),C([C@@H]([C@@H](/C=C/CCCCCCCCCCCCC)O)NC(=O)CCCCCCCCCCC)O[C@@H]1O[C@@H]([C@H](C(C1O)O)O[C@@H]1O[C@@H]([C@@H](C(C1O)O)O)CO)CO,850.5533156,294.6,C42H79NO13,[M+HCOO]-
LIPMETLIN00653,18:1 propargyl PC,[O-]P(OCC[N+](C)(CC#C)C)(OC[C@H](OC(CCCCCCC/C=C\CCCCCCCC)=O)COC(CCCCCCC/C=C\CCCCCCCC)=O)=O,854.5916266,301.1666667,C46H84NO8P,[M+HCOO]-
LIPMETLIN00654,C24:1 Galactosyl(alpha) Ceramide (d18:1/24:1(15Z)),C([C@@H]([C@H](O)/C=C/CCCCCCCCCCCCC)NC(=O)CCCCCCCCCCCCC/C=C\CCCCCCCC)O[C@H]1O[C@@H]([C@@H](C(C1O)O)O)CO,854.6726358,304.17,C48H91NO8,[M+HCOO]-
LIPMETLIN00655,C24:1 Galactosyl(b) Ceramide  (d18:1/24:1(15Z)),[H][C@](/C=C/CCCCCCCCCCCCC)(O)[C@@]([H])(NC(CCCCCCCCCCCCC/C=C\CCCCCCCC)=O)CO[C@H](O1)[C@H](O)[C@@H](O)[C@H]([C@H]1CO)O,854.6726358,305.2,C48H91NO8,[M+HCOO]-
LIPMETLIN00656,C24:1 Glucosyl(b) Ceramide (d18:1/24:1(15Z)),[H][C@](/C=C/CCCCCCCCCCCCC)(O)[C@@]([H])(NC(CCCCCCCCCCCCC/C=C\CCCCCCCC)=O)CO[C@H](O1)[C@H](O)[C@@H](O)[C@@H]([C@H]1CO)O,854.6726358,305.4666667,C48H91NO8,[M+HCOO]-
LIPMETLIN00658,C24:0 Galactosyl(b)ceramide(d18:1/24:0),[H][C@](/C=C/CCCCCCCCCCCCC)(O)[C@@]([H])(NC(CCCCCCCCCCCCCCCCCCCCCCC)=O)CO[C@H](O1)[C@H](O)[C@@H](O)[C@H]([C@H]1CO)O,856.688285,306.0666667,C48H93NO8,[M+HCOO]-
LIPMETLIN00659,16:0 stigmasteryl glucose,C[C@H](/C=C/[C@@H](CC)C(C)C)[C@H]1CCC2C3CC=C4C[C@@H](O[C@@H]5O[C@H](COC(CCCCCCCCCCCCCCC)=O)[C@@H](O)[C@H](O)[C@H]5O)CC[C@]4(C)C3CC[C@]12C,857.651173,327.6666667,C51H88O7,[M+HCOO]-
LIPMETLIN00660,24:1 SM (d18:1/24:1),[H][C@](NC(CCCCCCCCCCCCC/C=C\CCCCCCCC)=O)(COP(OCC[N+](C)(C)C)([O-])=O)[C@@](O)([H])/C=C/CCCCCCCCCCCCC,857.675292,308.6,C47H93N2O6P,[M+HCOO]-
LIPMETLIN00661,18:0 propargyl PC,[O-]P(OCC[N+](C)(CC#C)C)(OC[C@H](OC(CCCCCCCCCCCCCCCCC)=O)COC(CCCCCCCCCCCCCCCCC)=O)=O,858.622925,304.6,C46H88NO8P,[M+HCOO]-
LIPMETLIN00663,18:1 aminoethyl PC,[O-]P(OCC[N+](C)(CCN)C)(OC[C@H](OC(CCCCCCC/C=C\CCCCCCCC)=O)COC(CCCCCCC/C=C\CCCCCCCC)=O)=O,859.6181744,302.2333333,C45H87N2O8P,[M+HCOO]-
LIPMETLIN00664,Sitoindoside I,CC12CCC(OC3C(O)C(O)C(O)C(COC(CCCCCCCCCCCCCCC)=O)O3)CC1=CCC4C2CCC5(C4CCC5C(CCC(C(C)C)CC)C)C,859.6668222,327.7666667,C51H90O7,[M+HCOO]-
LIPMETLIN00665,24:0 SM,[H][C@](NC(CCCCCCCCCCCCCCCCCCCCCCC)=O)(COP(OCC[N+](C)(C)C)([O-])=O)[C@@](O)([H])/C=C/CCCCCCCCCCCCC,859.6909412,310.5333333,C47H95N2O6P,[M+HCOO]-
LIPMETLIN00666,24:0 SM,[H][C@](NC(CCCCCCCCCCCCCCCCCCCCCCC)=O)(COP(OCC[N+](C)(C)C)([O-])=O)[C@@](O)([H])/C=C/CCCCCCCCCCCCC,859.6909412,310.5333333,C47H95N2O6P,[M+HCOO]-
LIPMETLIN00667,1-O-Acyl-Ceramide,[H][C@](/C=C/CCCCCCCCCCCCC)(O)[C@@]([H])(NC(CCCCCCCCCCCCCCCC)=O)COC(CCCCCCC/C=C\CCCCCCCC)=O,860.7712218,319.1333333,C53H101NO4,[M+HCOO]-
LIPMETLIN00668,SQDG,O[C@H]1[C@@H](OC[C@]([H])(OC(CCCCCCCCCCCCCCC)=O)COC(CCCCCCC/C=C\C/C=C\C/C=C\CC)=O)O[C@H](CS(=O)(O)=O)[C@@H](O)[C@@H]1O,861.5039248,295.8333333,C43H76O12S,[M+HCOO]-
LIPMETLIN00669,C18(Plasm)-22:6 PC,[O-]P(OCC[N+](C)(C)C)(OC[C@]([H])(OC(CC/C=C\C/C=C\C/C=C\C/C=C\C/C=C\C/C=C\CC)=O)CO/C=C\CCCCCCCCCCCCCCCC)=O,862.5967116,303.4666667,C48H84NO7P,[M+HCOO]-
LIPMETLIN00671,19:0 PC,O=C(CCCCCCCCCCCCCCCCCC)OC[C@]([H])(COP(OCC[N+](C)(C)C)([O-])=O)OC(CCCCCCCCCCCCCCCCCC)=O,862.6542234,306.9333333,C46H92NO8P,[M+HCOO]-
LIPMETLIN00672,4ME 16:0 Diether PC,[O-]P(OCC[N+](C)(C)C)(OC[C@]([H])(OCCC(C)CCCC(C)CCCC(C)CCCC(C)C)COCCC(C)CCCC(C)CCCC(C)CCCC(C)C)=O,862.7269902,310.7666667,C48H100NO6P,[M+HCOO]-
LIPMETLIN00674,18:0 aminoethyl PC,[O-]P(OCC[N+](C)(CCN)C)(OC[C@H](OC(CCCCCCCCCCCCCCCCC)=O)COC(CCCCCCCCCCCCCCCCC)=O)=O,863.6494728,306.1333333,C45H91N2O8P,[M+HCOO]-
LIPMETLIN00681,18:0-22:6 PC,[O-]P(OCC[N+](C)(C)C)(OC[C@]([H])(OC(CC/C=C\C/C=C\C/C=C\C/C=C\C/C=C\C/C=C\CC)=O)COC(CCCCCCCCCCCCCCCCC)=O)=O,878.5916266,304.7,C48H84NO8P,[M+HCOO]-
LIPMETLIN00685,18:1 stigmasteryl glucose,C[C@H](/C=C/[C@@H](CC)C(C)C)[C@H]1CCC2C3CC=C4C[C@@H](O[C@@H]5O[C@H](COC(CCCCCCC/C=C\CCCCCCCC)=O)[C@@H](O)[C@H](O)[C@H]5O)CC[C@]4(C)C3CC[C@]12C,883.6668222,330.2666667,C53H90O7,[M+HCOO]-
LIPMETLIN00686,Sitoindoside II,C[C@H](CC[C@@H](CC)C(C)C)[C@H]1CCC2C3CC=C4C[C@@H](O[C@@H]5O[C@H](COC(CCCCCCC/C=C\CCCCCCCC)=O)[C@@H](O)[C@H](O)[C@H]5O)CC[C@]4(C)C3CC[C@]12C,885.6824714,329.6333333,C53H92O7,[M+HCOO]-
LIPMETLIN00687,20:1 (Cis) PC,[O-]P(OCC[N+](C)(C)C)(OC[C@]([H])(OC(CCCCCCCCC/C=C\CCCCCCCC)=O)COC(CCCCCCCCC/C=C\CCCCCCCC)=O)=O,886.6542234,309.4666667,C48H92NO8P,[M+HCOO]-
LIPMETLIN00689,18:0 azidoethyl PC,C([C@@H](COC(=O)CCCCCCCCCCCCCCCCC)OC(=O)CCCCCCCCCCCCCCCCC)OP(=O)([O-])OCC[N+](C)(C)CCN=[N+]=[N-],889.6399716,308.2333333,C45H89N4O8P,[M+HCOO]-
LIPMETLIN00690,20:0 PC,P(=O)([O-])(OCC[N+](C)(C)C)OC[C@@H](COC(=O)CCCCCCCCCCCCCCCCCCC)OC(=O)CCCCCCCCCCCCCCCCCCC,890.6855218,312.6333333,C48H96NO8P,[M+HCOO]-
LIPMETLIN00691,4ME 16:0 PC,[O-]P(OCC[N+](C)(C)C)(OC[C@]([H])(OC(CC(C)CCCC(C)CCCC(C)CCCC(C)C)=O)COC(CC(C)CCCC(C)CCCC(C)CCCC(C)C)=O)=O,890.6855218,310.5,C48H96NO8P,[M+HCOO]-
LIPMETLIN00696,KRN7000,[C@H]1([C@@H]([C@@H]([C@H]([C@H](O1)OC[C@@H]([C@@H]([C@@H](CCCCCCCCCCCCCC)O)O)NC(=O)CCCCCCCCCCCCCCCCCCCCCCCCC)O)O)O)CO,902.7301476,316.3333333,C50H99NO9,[M+HCOO]-
LIPMETLIN00697,C16 Lactosyl(b) Ceramide  (d18:1/16:0),[H][C@](/C=C/CCCCCCCCCCCCC)(O)[C@@]([H])(NC(CCCCCCCCCCCCCCC)=O)CO[C@H](O1)[C@H](O)[C@@H](O)[C@@H]([C@H]1CO)O[C@H](O2)[C@H](O)[C@@H](O)[C@H]([C@H]2CO)O,906.6159124,308.1,C46H87NO13,[M+HCOO]-
LIPMETLIN00701,21:0 PC,[O-]P(OCC[N+](C)(C)C)(OC[C@]([H])(OC(CCCCCCCCCCCCCCCCCCCC)=O)COC(CCCCCCCCCCCCCCCCCCCC)=O)=O,918.7168202,317.8333333,C50H100NO8P,[M+HCOO]-
LIPMETLIN00702,C17 Lactosyl(á) Ceramide (d18:1/17:0),[H][C@](/C=C/CCCCCCCCCCCCC)(O)[C@@]([H])(NC(CCCCCCCCCCCCCCCC)=O)CO[C@H](O1)[C@H](O)[C@@H](O)[C@@H]([C@H]1CO)O[C@H](O2)[C@H](O)[C@@H](O)[C@H]([C@H]2CO)O,920.6315616,310.5333333,C47H89NO13,[M+HCOO]-
LIPMETLIN00703,C17:0 GA2,O[C@H]1[C@@H](CO)O[C@@](O[C@H]2[C@@H](CO)O[C@](OC[C@H](NC(CCCCCCCCCCCCCCCC)=O)[C@H](O)/C=C/CCCCCCCCCCCCC)([H])[C@H](O)[C@H]2O)([H])[C@H](O)[C@H]1O,920.6315616,309.4666667,C47H89NO13,[M+HCOO]-
LIPMETLIN00704,22:6 (Cis) PC,P(=O)([O-])(OCC[N+](C)(C)C)OC[C@@H](COC(=O)CC/C=C\C/C=C\C/C=C\C/C=C\C/C=C\C/C=C\CC)OC(=O)CC/C=C\C/C=C\C/C=C\C/C=C\C/C=C\C/C=C\CC,922.5603282,305.8666667,C52H80NO8P,[M+HCOO]-
LIPMETLIN00708,C18:1 Lactosyl(b) Ceramide (d18:1/18:1),[H][C@](/C=C/CCCCCCCCCCCCC)(O)[C@@]([H])(NC(CCCCCCC/C=C\CCCCCCCC)=O)CO[C@H](O1)[C@H](O)[C@@H](O)[C@@H]([C@H]1CO)O[C@H](O2)[C@H](O)[C@@H](O)[C@H]([C@H]2CO)O,932.6315616,309.7333333,C48H89NO13,[M+HCOO]-
LIPMETLIN00713,C18 Lactosyl(á) Ceramide (d18:1/18:0),[H][C@](/C=C/CCCCCCCCCCCCC)(O)[C@@]([H])(NC(CCCCCCCCCCCCCCCCC)=O)CO[C@H](O1)[C@H](O)[C@@H](O)[C@@H]([C@H]1CO)O[C@H](O2)[C@H](O)[C@@H](O)[C@H]([C@H]2CO)O,934.6472108,313.2666667,C48H91NO13,[M+HCOO]-
LIPMETLIN00715,22:1 (Cis) PC,[O-]P(OCC[N+](C)(C)C)(OC[C@]([H])(OC(CCCCCCCCCCC/C=C\CCCCCCCC)=O)COC(CCCCCCCCCCC/C=C\CCCCCCCC)=O)=O,942.7168202,320.2666667,C52H100NO8P,[M+HCOO]-
LIPMETLIN00716,22:0 PC,[O-]P(OCC[N+](C)(C)C)(OC[C@]([H])(OC(CCCCCCCCCCCCCCCCCCCCC)=O)COC(CCCCCCCCCCCCCCCCCCCCC)=O)=O,946.7481186,323.6333333,C52H104NO8P,[M+HCOO]-
LIPMETLIN00720,PChcPC,P(=O)(OC[C@@H](COC(=O)CCCCCCCCCCCCCCC)OC(=O)OC1CC[C@@]2(C(=CCC3C2CC[C@@]2(C3CC[C@H]2[C@H](CCCC(C)C)C)C)C1)C)([O-])OCC[N+](C)(C)C,952.6647876,321.67,C52H94NO9P,[M+HCOO]-
LIPMETLIN00722,23:0 PC,O=C(CCCCCCCCCCCCCCCCCCCCCC)OC[C@]([H])(COP(OCC[N+](C)(C)C)([O-])=O)OC(CCCCCCCCCCCCCCCCCCCCCC)=O,974.779417,328.9333333,C54H108NO8P,[M+HCOO]-
LIPMETLIN00726,Hydrogenated DGDG,C([C@@H](COC(=O)CCCCCCCCCCCCCCCCC)OC(=O)CCCCCCCCCCCCCCCCC)O[C@@H]1O[C@@H]([C@@H](C(C1O)O)O)CO[C@@H]1O[C@@H]([C@@H](C(C1O)O)O)CO,993.6730898,326.53,C51H96O15,[M+HCOO]-
LIPMETLIN00727,24:1 (Cis) PC,[O-]P(OCC[N+](C)(C)C)(OC[C@]([H])(OC(CCCCCCCCCCCCC/C=C\CCCCCCCC)=O)COC(CCCCCCCCCCCCC/C=C\CCCCCCCC)=O)=O,998.779417,331.1333333,C56H108NO8P,[M+HCOO]-
LIPMETLIN00729,24:0 PC,[H][C@@](COP([O-])(OCC[N+](C)(C)C)=O)(OC(CCCCCCCCCCCCCCCCCCCCCCC)=O)COC(CCCCCCCCCCCCCCCCCCCCCCC)=O,1002.810715,333.9666667,C56H112NO8P,[M+HCOO]-
LIPMETLIN00730,CER1 (d18:1/26:0/18:1),O=C(N[C@H]([C@H](O)/C=C/CCCCCCCCCCCCC)CO)CCCCCCCCCCCCCCCCCCCCCCCCCOC(CCCCCCC/C=C\CCCCCCCC)=O,1002.90698,340.9333333,C62H119NO5,[M+HCOO]-
LIPMETLIN00731,NDT-C11,O[C@H]1[C@H](O)[C@@H](CO)O[C@@H](OCC(CO[C@H]2[C@H](O)[C@@H](O)[C@H](O)[C@@H](CO)O2)(COCC(CCCCCCCCCCC)CCCCCCCCCCC)CO[C@H]3[C@H](O)[C@@H](O)[C@H](O)[C@@H](CO)O3)[C@@H]1O,1003.605802,324.4666667,C47H90O19,[M+HCOO]-
LIPMETLIN00732,PChemsPC,O=P([O-])(OCC[N+](C)(C)C)OC[C@H](OC(CCC(OC1CC[C@]2(C)C(C1)=CCC3C2CC[C@]4(C)C3CC[C@H]4[C@@H](C)CCCC(C)C)=O)=O)COC(CCCCCCCCCCCCCCC)=O,1008.691001,332.8666667,C55H98NO10P,[M+HCOO]-
LIPMETLIN00733,C24:1 Lactosyl(beta) Ceramide (d18:1/24:1),C([C@@H]([C@@H](/C=C/CCCCCCCCCCCCC)O)NC(=O)CCCCCCCCCCCCC/C=C\CCCCCCCC)O[C@@H]1O[C@@H]([C@H](C(C1O)O)O[C@@H]1O[C@@H]([C@@H](C(C1O)O)O)CO)CO,1016.725457,327.1,C54H101NO13,[M+HCOO]-
LIPMETLIN00734,C24 Lactosyl(b) Ceramide  (d18:1/24:0),[H][C@](/C=C/CCCCCCCCCCCCC)(O)[C@@]([H])(NC(CCCCCCCCCCCCCCCCCCCCCCC)=O)CO[C@H](O1)[C@H](O)[C@@H](O)[C@@H]([C@H]1CO)O[C@H](O2)[C@H](O)[C@@H](O)[C@H]([C@H]2CO)O,1018.741106,328.8,C54H103NO13,[M+HCOO]-
LIPMETLIN00736,OChemsPC,O=P([O-])(OCC[N+](C)(C)C)OC[C@H](OC(CCC(OC1CC[C@]2(C)C(C1)=CCC3C2CC[C@]4(C)C3CC[C@H]4[C@@H](C)CCCC(C)C)=O)=O)COC(CCCCCCC/C=C\CCCCCCCC)=O,1034.70665,337.0333333,C57H100NO10P,[M+HCOO]-
LIPMETLIN00739,16:0-(12-PAHSA) PC,O(C(=O)CCCCCCCCCCC(CCCCCC)OC(=O)CCCCCCCCCCCCCCC)[C@H](COC(=O)CCCCCCCCCCCCCCC)COP(=O)(OCC[N+](C)(C)C)[O-],1060.816195,342.97,C58H114NO10P,[M+HCOO]-
LIPMETLIN00742,C17:0 GB3 (synthetic),[C@@H]1(C([C@@H]([C@@H](OC1CO)OC[C@@H]([C@@H](/C=C/CCCCCCCCCCCCC)O)NC(=O)CCCCCCCCCCCCCCCC)O)O)O[C@H]1[C@H](C([C@H](C(O1)CO)O[C@@H]1[C@H](C([C@H](C(O1)CO)O)O)O)O)O,1082.684383,329.6666667,C53H99NO18,[M+HCOO]-
LIPMETLIN00743,C17:0 iGB3 (synthetic),O[C@H]1[C@H](OC[C@H](NC(CCCCCCCCCCCCCCCC)=O)[C@H](O)/C=C/CCCCCCCCCCCCC)O[C@H](CO)[C@@H](O[C@@H]2O[C@H](CO)[C@@H]([C@H](O[C@H]3O[C@H](CO)[C@@H]([C@H](O)[C@H]3O)O)[C@H]2O)O)[C@@H]1O,1082.684383,331.5333333,C53H99NO18,[M+HCOO]-
LIPMETLIN00747,M-BTM-C11,OC[C@@H]1[C@@H](O[C@H]2O[C@H](CO)[C@@H](O)[C@H](O)[C@H]2O)[C@H](O)[C@@H](O)[C@H](O[C@@H](COCCCCCCCCCCC)[C@@H](COCCCCCCCCCCC)O[C@@H]3O[C@H](CO)[C@@H](O[C@H]4O[C@H](CO)[C@@H](O)[C@H](O)[C@H]4O)[C@H](O)[C@H]3O)O1,1123.611676,331.9666667,C50H94O24,[M+HCOO]-
