ID,name,SMILES,mz_ratio,exp_ccs
LIPMETLIN00005,Sphingosine (d14:1),OC[C@H](N)[C@H](O)/C=C/CCCCCCCCC,266.2090378,183.4666667
LIPMETLIN00009,1-desoxymethylsphingosine,CCCCCCCCCCCCC/C=C/[C@](O)([H])CN,292.2610704,182.6
LIPMETLIN00010,06:0 Lyso PA,O[C@](COP(O)(O)=O)([H])COC(CCCCC)=O,293.0760558,168.3
LIPMETLIN00011,Sphingosine (d16:1),OC[C@@H]([C@@H](/C=C/CCCCCCCCCCC)O)N,294.2403362,190.1
LIPMETLIN00012,1-desoxymethylsphinganine,NC[C@@H](CCCCCCCCCCCCCCC)O,294.2767196,183.4333333
LIPMETLIN00015,3-deoxy sphingosine,CCCCCCCCCCCCC/C=C/C[C@H](CO)N,306.2767196,185.8666667
LIPMETLIN00016,Azido sphingosine (d14:1),OC[C@@](N)([H])[C@]([H])(O)/C=C/CCCCCCCCCN=[N+]=[N-],307.2104352,174.8666667
LIPMETLIN00017,1-deoxysphinganine,CCCCCCCCCCCCCCC[C@H]([C@@H](N)C)O,308.2923688,187.6
LIPMETLIN00018,sphinganine (d17:0),OC[C@@H]([C@@H](CCCCCCCCCCCCCC)O)N,310.2716346,192.1
LIPMETLIN00020,13(S)HODE,C(C/C=C\C=C\[C@H](CCCCC)O)CCCCCC(=O)O,319.2243526,188.6
LIPMETLIN00021,"4E,14Z-Sphingadiene",OC[C@@](N)([H])[C@]([H])(O)/C=C/CCCCCCCC/C=C\CCC,320.2559854,184.0666667
LIPMETLIN00022,"4E,8Z-Sphingadiene",OC[C@@H]([C@@H](/C=C/CC/C=C\CCCCCCCCC)O)N,320.2559854,187.9
LIPMETLIN00023,2-OHOA,OC(C(O)=O)CCCCCC/C=C\CCCCCCCC,321.2400018,185.17
LIPMETLIN00024,arachidonic acid-alkyne,OC(CCC/C=C\C/C=C\C/C=C\C/C=C\CCCC#C)=O,323.1981392,174.2666667
LIPMETLIN00025,Sphinganine (d18:0),[C@H]([C@@H](CCCCCCCCCCCCCCC)O)(N)CO,324.2872838,195.3666667
LIPMETLIN00026,D-ribo-phytosphingosine  (C17 base),O[C@]([H])(CCCCCCCCCCCCC)[C@](O)([H])[C@](N)([H])CO,326.2665496,198.7333333
LIPMETLIN00027,DPH-propionic acid,OC(CCC(C=C1)=CC=C1/C=C/C=C/C=C/C2=CC=CC=C2)=O,327.1355424,198
LIPMETLIN00028,N-tetradecanoyl-D-homoserine lactone,[C@H]1(CCOC1=O)NC(=O)CCCCCCCCCCCCC,334.2352512,190.7
LIPMETLIN00029,N-tetradecanoyl-L-homoserine lactone,O=C(CCCCCCCCCCCCC)N[C@H]1CCOC1=O,334.2352512,189.8
LIPMETLIN00030,C17:1 anandamide,N(C(=O)CCCCCCCC/C=C\CCCCCC)CCO,334.2716346,187.4
LIPMETLIN00031,N-palmitoylglycine,CCCCCCCCCCCCCCCC(=O)NCC(=O)O,336.2509004,189.4
LIPMETLIN00032,cis-4-methylsphingosine,CCCCCCCCCCCCC/C=C(C)\[C@@H](O)[C@@H](N)CO,336.2872838,194.4
LIPMETLIN00034,Monomethyl Sphingosine (d18:1),OC[C@@](NC)([H])[C@]([H])(O)/C=C/CCCCCCCCCCCCC,336.2872838,198.4666667
LIPMETLIN00035,1-C16 Ether MG,C([C@H](CO)O)OCCCCCCCCCCCCCCCC,339.2869494,193.27
LIPMETLIN00036,D-ribo-Phytosphingosine,N[C@@H](CO)[C@H](O)[C@H](O)CCCCCCCCCCCCCC,340.2821988,200.0333333
LIPMETLIN00038,14(15) EET,OC(CCC/C=C\C/C=C\C/C=C\CC(O1)C1CCCCC)=O,343.2243526,185.1333333
LIPMETLIN00039,15(S)-HETE,C(=C\C/C=C\C/C=C\C=C\[C@H](CCCCC)O)\CCCC(=O)O,343.2243526,190.0333333
LIPMETLIN00040,n-decylphosphocholine,[O-]P(OCC[N+](C)(C)C)(OCCCCCCCCCC)=O,346.2117538,197
LIPMETLIN00041,Oleic Acid (18-azido),OC(CCCCCCC/C=C\CCCCCCCCN=[N+]=[N-])=O,346.2464842,186.2333333
LIPMETLIN00042,Farnesyl-L-cysteine,C/C(C)=C/CC/C(C)=C/CC/C(C)=C/CSC[C@H](N)C(O)=O,348.196759,177.7
LIPMETLIN00044,C2 Ceramide (d17:1/2:0),OC[C@@H]([C@@H](/C=C/CCCCCCCCCCCC)O)NC(=O)C,350.2665496,197.73
LIPMETLIN00047,Dimethyl Sphinganine (d18:0),OC[C@@](N(C)C)([H])[C@]([H])(O)CCCCCCCCCCCCCCC,352.3185822,198.6
LIPMETLIN00048,Sphinganine (d20:0),OC[C@@H]([C@@H](CCCCCCCCCCCCCCCCC)O)N,352.3185822,200.9666667
LIPMETLIN00049,PGB1,O=C1C(CCCCCCC(O)=O)=C(/C=C/[C@@H](O)CCCCC)CC1,359.2192676,205.9333333
LIPMETLIN00050,13(S)HODE Ethanolamide,CCCCC[C@H](O)/C=C/C=C\CCCCCCCC(NCCO)=O,362.2665496,197.3
LIPMETLIN00052,C2 Ceramide (d18:1/2:0),CCCCCCCCCCCCC/C=C/[C@H]([C@H](CO)N=C(C)O)O,364.2821988,201.1333333
LIPMETLIN00054,C18(plasm) MG,OC[C@]([H])(O)CO/C=C\CCCCCCCCCCCCCCCC,365.3025986,199.5
LIPMETLIN00055,C12 Carnitine,CCCCCCCCCCCC(OC(C[N+](C)(C)C)CC([O-])=O)=O,366.2614646,210.4
LIPMETLIN00057,C2 Dihydroceramide (d18:0/2:0),CCCCCCCCCCCCCCC[C@H]([C@@H](NC(=O)C)CO)O,366.297848,201.5666667
LIPMETLIN00060,08:0 DG,CCCCCCCC(=O)OC[C@H](CO)OC(=O)CCCCCCC,367.245481,206.5
LIPMETLIN00062,C20:4 anandamide (AEA),O=C(NCCO)CCC/C=C\C/C=C\C/C=C\C/C=C\CCCCC,370.2716346,191.9333333
LIPMETLIN00063,n-dodecylphosphocholine,"CCCCCCCCCCCCOP(=O)([O-])OCC[N+](C)(C)C	CCCCCCCCCCCCOP(=O)([O-])OCC[N+](C)(C)C",374.2430522,205.4666667
LIPMETLIN00064,(15R)-PGE2,"C1([C@@H]([C@H]([C@@H](C1)O)\C=C\[C@@H](CCCCC)O)C\C=C/CCCC(O)=O)=O	LMFA03010094",375.2141826,198.2
LIPMETLIN00065,15-keto PGF2a,CCCCCC(=O)/C=C/C1C(C/C=CCCCC(=O)O)[C@H](C[C@H]1O)O,375.2141826,204.0333333
LIPMETLIN00066,PGE2,[C@H]1([C@H]([C@@H](CC1=O)O)/C=C/[C@H](CCCCC)O)C/C=C\CCCC(=O)O,375.2141826,196.1333333
LIPMETLIN00067,Laurdan,O=C(CCCCCCCCCCC)c1cc2c(cc1)cc(N(C)C)cc2,376.2610704,211.6666667
LIPMETLIN00068,15-beta PGF2a,CCCCC[C@@H](O)/C=C/[C@@H]1[C@@H](C/C=C\CCCC(O)=O)[C@@H](O)C[C@H]1O,377.2298318,202.5666667
LIPMETLIN00069,PGE1,[C@H]1([C@H]([C@@H](CC1=O)O)/C=C/[C@H](CCCCC)O)CCCCCCC(=O)O,377.2298318,196.9333333
LIPMETLIN00070,PGF2b,[C@H]1([C@H]([C@@H](C[C@H]1O)O)/C=C/[C@H](CCCCC)O)C/C=C\CCCC(=O)O,377.2298318,194.3333333
LIPMETLIN00071,06:0 Lyso PC,O[C@](COP([O-])(OCC[N+](C)(C)C)=O)([H])COC(CCCCC)=O,378.1652004,193.9333333
LIPMETLIN00072,Sphingosine (d22:1),OC[C@@H]([C@@H](/C=C/CCCCCCCCCCCCCCCCC)O)N,378.3342314,207.6
LIPMETLIN00073,PGF1a,[C@H]1([C@H]([C@@H](C[C@@H]1O)O)/C=C/[C@H](CCCCC)O)CCCCCCC(=O)O,379.245481,203.4333333
LIPMETLIN00074,18:1 MG,CCCCCCCC/C=CCCCCCCCC(=O)OCC(CO)O,379.2818644,197.9
LIPMETLIN00076,N-16:0 L-Serine MeEster,O=C(OC)[C@@]([H])(NC(CCCCCCCCCCCCCCC)=O)CO,380.2771138,199.8666667
LIPMETLIN00077,N-02:0 Phytosphingosine,O[C@@H]([C@H]([C@H](CO)NC(=O)C)O)CCCCCCCCCCCCCC,382.292763,206.6333333
LIPMETLIN00078,15(S)-HAEA,CCCCC[C@@H](O)/C=C/C=C\C/C=C\C/C=C\CCCC(NCCO)=O,386.2665496,199.5
LIPMETLIN00079,Sphingosine-1-Phosphate (d17:1),CCCCCCCCCCCC/C=C/[C@@]([H])(O)[C@]([NH3+])([H])COP([O-])(O)=O,388.222318,205.6333333
LIPMETLIN00080,sphinganine-1-phosphate (d17:0),C([C@@H]([C@@H](CCCCCCCCCCCCCC)O)[NH3+])OP(=O)([O-])O,390.2379672,207.1
LIPMETLIN00081,06:0 PA,O=C(CCCCC)OC[C@]([H])(COP(O)(O)=O)OC(CCCCC)=O,391.1492168,194.1666667
LIPMETLIN00082,03:0 PC,O=C(CC)OC[C@]([H])(COP(OCC[N+](C)(C)C)([O-])=O)OC(CC)=O,392.1444662,189.9666667
LIPMETLIN00083,07:0 Lyso PC,O=C(CCCCCC)OC[C@]([H])(COP(OCC[N+](C)(C)C)([O-])=O)O,392.1808496,200.2
LIPMETLIN00084,N-18:1 L-Serine,O=C(O)[C@@]([H])(NC(CCCCCCC/C=C\CCCCCCCC)=O)CO,392.2771138,200.3333333
LIPMETLIN00085,C4 Ceramide (d18:1/4:0),OC[C@@H]([C@@H](/C=C/CCCCCCCCCCCCC)O)NC(=O)CCC,392.3134972,209.4
LIPMETLIN00086,N-palmitoyl homocysteine (PHC),OC(C(NC(CCCCCCCCCCCCCCC)=O)CCS)=O,396.2542708,203.4666667
LIPMETLIN00087,Dehydrolithocholic acid,[C@H]12[C@H]3[C@@H]([C@@]4([C@H](CC3)CC(=O)CC4)C)CC[C@@]1([C@H](CC2)[C@@H](CCC(=O)O)C)C,397.2713002,194.13
LIPMETLIN00090,C16 Cyclic LPA,O=P1(O)O[C@H](COCCCCCCCCCCCCCCCC)CO1,401.2427178,204
LIPMETLIN00091,Nordeoxycholic acid,[H][C@@]12[C@]([C@](CC[C@@H](O)C3)(C)[C@]3([H])CC2)([H])C[C@H](O)[C@@]4(C)[C@@]1([H])CC[C@]4([H])[C@]([H])(C)CC(O)=O,401.2662152,202
LIPMETLIN00093,Sphingosine-1-Phosphate (d18:1),C(=C\CCCCCCCCCCCCC)/[C@H]([C@H](COP(=O)(O)O)N)O,402.2379672,208.9666667
LIPMETLIN00094,n-tetradecylphosphocholine,"P(=O)(OCC[N+](C)(C)C)(OCCCCCCCCCCCCCC)[O-]	DTXCID70150849",402.2743506,213.1333333
LIPMETLIN00095,Sphinganine-1-Phosphate (d18:0),[C@H]([C@@H](CCCCCCCCCCCCCCC)O)(N)COP(=O)(O)O,404.2536164,209.7
LIPMETLIN00096,14:0 Lyso PA,O=C(CCCCCCCCCCCCC)OC[C@]([H])(COP(O)(O)=O)O,405.2012494,200.8666667
LIPMETLIN00097,BMP22,c1(CCCCCCCCCCCCCCC)ccc(cc1)CP(=O)(O)O,405.2528878,203.7
LIPMETLIN00098,zymosterone,C[C@]12CCC([C@](CCC(C3)=O)(C)[C@@]3([H])CC4)=C4C1CC[C@]2([H])[C@]([H])(C)CC/C=C(C)/C,405.3127686,239.2333333
LIPMETLIN00099,08:0 Lyso PC,O=C(CCCCCCC)OC[C@]([H])(COP(OCC[N+](C)(C)C)([O-])=O)O,406.1964988,205.8
LIPMETLIN00101,N-18:1 L-Serine MeEster,O=C(OC)[C@@]([H])(NC(CCCCCCC/C=C\CCCCCCCC)=O)CO,406.292763,203.2666667
LIPMETLIN00102,5-DOXYL Stearic acid,OC(CCCC1(N([O])C(C)(C)CO1)CCCCCCCCCCCCC)=O,407.3005876,205.8666667
LIPMETLIN00103,8(14)-dehydrocholesterol,C[C@@]12C(CCC2C(CCCC(C)C)C)=C3CC=C4C[C@@H](O)CC[C@]4(C)C3CC1,407.3284178,222.8
LIPMETLIN00104,cholestenone,C1C(=O)C=C2[C@](C1)([C@@H]1[C@@H](CC2)[C@H]2[C@](CC1)([C@H](CC2)[C@@H](CCCC(C)C)C)C)C,407.3284178,238.4333333
LIPMETLIN00107,zymostenol,CC(C)CCC[C@@H](C)[C@H]1CC[C@H]2C3=C(CC[C@]12C)[C@@]1(C)CC[C@H](O)C[C@@H]1CC3,409.344067,240.2666667
LIPMETLIN00108,3ß-OH-7-oxocholenic acid,C[C@@]1([C@@]2([H])CC[C@]1([H])[C@@](C)([H])CCC(O)=O)CC[C@@]3([H])[C@@]2([H])C(C=C4C[C@@H](O)CC[C@@]43C)=O,411.250566,201.0333333
LIPMETLIN00109,Regadenoson,OC[C@H]1O[C@H]([C@@H]([C@@H]1O)O)n1cnc2c1nc(nc2N)n1ncc(c1)C(=O)NC,413.1292302,198.3666667
LIPMETLIN00110,12-ketolithocholic acid,C[C@@]1([C@@]2([H])CC[C@]1([H])[C@@](C)([H])CCC(O)=O)C(C[C@@]3([H])[C@@]2([H])CC[C@]4([H])C[C@H](O)CC[C@@]43C)=O,413.2662152,205.2
LIPMETLIN00111,3-oxo chenodeoxycholic acid,[H][C@@]12[C@]([C@](CCC(C3)=O)(C)[C@]3([H])C[C@H]2O)([H])CC[C@@]4(C)[C@@]1([H])CC[C@]4([H])[C@]([H])(C)CCC(O)=O,413.2662152,192.2333333
LIPMETLIN00112,3-oxo deoxycholic acid,C[C@@]1([C@@]2([H])CC[C@]1([H])[C@@](C)([H])CCC(O)=O)[C@@H](O)C[C@@]3([H])[C@@]2([H])CC[C@]4([H])CC(CC[C@@]43C)=O,413.2662152,191.8
LIPMETLIN00113,7-ketolithocholic acid,C[C@H](CCC(=O)O)[C@H]1CC[C@H]2[C@@H]3C(=O)C[C@@H]4C[C@H](O)CC[C@]4(C)[C@H]3CC[C@]12C,413.2662152,200.47
LIPMETLIN00114,Apocholic acid,O[C@@H]1[C@@]([C@@H]([C@H](C)CCC(O)=O)CC2)(C)C2=C3[C@H](C1)[C@](CC[C@H]4O)(C)[C@@H](C4)CC3,413.2662152,215.4
LIPMETLIN00115,N-20:4 L-Serine (ARA-S),O=C(O)[C@@]([H])(NC(CCC/C=C\C/C=C\C/C=C\C/C=C\CCCCC)=O)CO,414.2614646,199.7666667
LIPMETLIN00116,16:0 Cyclic LPA,O=C(CCCCCCCCCCCCCCC)OC[C@@]1([H])OP(OC1)(O)=O,415.2219836,202.0666667
LIPMETLIN00117,Chenodeoxycholic acid,[C@H]12[C@H]3[C@@H]([C@@]4([C@H](C[C@H]3O)C[C@@H](CC4)O)C)CC[C@@]1([C@H](CC2)[C@@H](CCC(=O)O)C)C,415.2818644,198.8333333
LIPMETLIN00119,Isodeoxycholic acid,C[C@@]1([C@@]2([H])CC[C@]1([H])[C@@](C)([H])CCC(O)=O)[C@@H](O)C[C@@]3([H])[C@@]2([H])[C@H](O)C[C@]4([H])CCCC[C@@]43C,415.2818644,200.2333333
LIPMETLIN00121,Ursodeoxycholic acid,C1[C@H](C[C@@H]2[C@](C1)([C@@H]1[C@@H]([C@H](C2)O)[C@H]2[C@](CC1)([C@H](CC2)[C@H](C)CCC(=O)O)C)C)O,415.2818644,199
LIPMETLIN00122,C17:0 anandamide phosphate,O=C(CCCCCCCCCCCCCCCC)NCCOP(O)(O)=O,416.2536164,207.8333333
LIPMETLIN00124,PGE2-EA,CCCCC[C@@H](/C=C/[C@@H]1[C@@H](C/C=CCCCC(=NCCO)O)C(=O)C[C@H]1O)O,418.2563796,206.2
LIPMETLIN00125,C16 LPA,[H][C@](O)(COP(O)(O)=O)COCCCCCCCCCCCCCCCC,419.253282,206.4666667
LIPMETLIN00126,04:0 PC,O=C(CCC)OC[C@]([H])(COP(OCC[N+](C)(C)C)([O-])=O)OC(CCC)=O,420.1757646,200.5333333
LIPMETLIN00127,09:0 Lyso PC,C([C@H](COP(=O)([O-])OCC[N+](C)(C)C)O)OC(=O)CCCCCCCC,420.212148,210.4
LIPMETLIN00128,D-ribo-Phytosphingosine-1-Phosphate,O[C@]([H])(CCCCCCCCCCCCCC)[C@](O)([H])[C@]([NH3+])([H])COP([O-])(O)=O,420.2485314,212.2666667
LIPMETLIN00129,18:1-2:0 DG,CCCCCCCC/C=CCCCCCCCC(=O)OC[C@H](CO)OC(=O)C,421.2924286,207.3333333
LIPMETLIN00131,C16 Carnitine,[C@H](OC(=O)CCCCCCCCCCCCCCC)(C[N+](C)(C)C)CC(=O)[O-],422.3240614,222.6333333
LIPMETLIN00132,C6 Dihydroceramide (d18:0/6:0),OC[C@]([H])(NC(CCCCC)=O)[C@]([H])(O)CCCCCCCCCCCCCCC,422.3604448,218.0666667
LIPMETLIN00133,10:0 DG,[C@H](COC(=O)CCCCCCCCC)(OC(=O)CCCCCCCCC)CO,423.3080778,217.8666667
LIPMETLIN00134,15-ketocholestene,CC(CCC[C@H]([C@H]1CC(=O)C2=C3C(CC[C@]12C)[C@@]1(C)CC[C@@H](C[C@@H]1CC3)O)C)C,423.3233328,231.3333333
LIPMETLIN00135,27-hydroxy cholestenone,CC1(CC2)C(CCC3C1CCC4(C)C3CCC4C(CCCC(C)CO)C)=CC2=O,423.3233328,210.6666667
LIPMETLIN00136,7a-hydroxycholestenone,CC(C)CCC[C@@H](C)[C@H]1CC[C@@]2([H])[C@]3([H])[C@H](O)CC4=CC(CC[C@]4(C)[C@@]3([H])CC[C@]12C)=O,423.3233328,236.8666667
LIPMETLIN00137,DMHCA,[H][C@@]1(CC[C@@]2([C@]3(CC[C@]4(C)[C@@]([C@H](C)CCC(N(C)C)=O)(CC[C@@]([C@](CC=C2C1)3[H])4[H])[H])[H])C)O,424.3185822,222.5666667
LIPMETLIN00144,4ß-hydroxycholesterol,CC(C)CCC[C@@H](C)[C@H]1CC[C@H]2[C@@H]3CC=C4[C@H]([C@H](CC[C@]4(C)[C@H]3CC[C@]12C)O)O,425.338982,233.3666667
LIPMETLIN00146,"5b,6b-epoxycholestanol",[H][C@@]12[C@]([C@](CC[C@H](O)C3)(C)[C@]3(O4)[C@H]4C2)([H])CC[C@@]5(C)[C@@]1([H])CC[C@]5([H])[C@]([H])(C)CCCC(C)C,425.338982,226.1666667
LIPMETLIN00148,7b-hydroxycholesterol,CC(C)CCC[C@@H](C)[C@H]1CC[C@H]2[C@H]3[C@H](CC[C@]12C)[C@@]1(C)CC[C@@H](CC1=C[C@@H]3O)O,425.338982,220.8666667
LIPMETLIN00149,C18:2 anandamide phosphate,N(CCOP(=O)(O)O)C(=O)CCCCCCC/C=C\C/C=C\CCCCC,426.2379672,202
LIPMETLIN00150,"6,7-diketolithocholic acid",[H][C@@]12[C@]([C@](CC[C@@H](O)C3)(C)[C@]3([H])C(C2=O)=O)([H])CC[C@@]4(C)[C@@]1([H])CC[C@]4([H])[C@]([H])(C)CCC(O)=O,427.245481,216.5333333
LIPMETLIN00151,Dioxolithocholic acid,[H][C@@]12[C@]([C@](CC[C@@H](O)C3)(C)[C@]3([H])CC2=O)([H])CC([C@@]4(C)[C@@]1([H])CC[C@]4([H])[C@]([H])(C)CCC(O)=O)=O,427.245481,206.8
LIPMETLIN00152,C18:1 Cyclic LPA,CCCCCCCC/C=C\CCCCCCCCOC[C@@H]1COP(O1)(O)=O,427.258367,208.4333333
LIPMETLIN00153,N-20:4 L-Serine MeEster,O=C(OC)[C@@]([H])(NC(CCC/C=C\C/C=C\C/C=C\C/C=C\CCCCC)=O)CO,428.2771138,202.8666667
LIPMETLIN00154,17:0 Cyclic LPA,O=P1(O)O[C@H](COC(CCCCCCCCCCCCCCCC)=O)CO1,429.2376328,205.6
LIPMETLIN00155,12-ketochenodeoxycholic acid,[H][C@@]12[C@]([C@](CC[C@@H](O)C3)(C)[C@]3([H])C[C@H]2O)([H])CC([C@@]4(C)[C@@]1([H])CC[C@]4([H])[C@]([H])(C)CCC(O)=O)=O,429.2611302,206.9
LIPMETLIN00156,3-oxocholic acid,[C@@H]12[C@H](C[C@H]([C@]3([C@H]1CC[C@@H]3[C@@H](CCC(=O)O)C)C)O)[C@@]1([C@H](C[C@H]2O)CC(=O)CC1)C,429.2611302,192.6
LIPMETLIN00157,7-Ketodeoxycholic acid,C[C@H](CCC(=O)O)[C@H]1CC[C@H]2[C@H]3[C@H](C[C@@H]([C@]12C)O)[C@@]1(C)CC[C@H](C[C@H]1CC3=O)O,429.2611302,197.1
LIPMETLIN00158,Dimethyl Sphingosine-1-Phosphate (d18:1),OP(O)(OC[C@@](N(C)C)([H])[C@]([H])(O)/C=C/CCCCCCCCCCCCC)=O,430.2692656,211.7
LIPMETLIN00159,C-16Miltefosine,"CCCCCCCCCCCCCCCCOP(=O)([O-])OCC[N+](C)(C)C	CCCCCCCCCCCCCCCCOP(=O)([O-])OCC[N+](C)(C)C",430.305649,220.4333333
LIPMETLIN00160,Allocholic acid,C[C@H](CCC(=O)O)[C@H]1CC[C@H]2[C@H]3C(C[C@@H]([C@]12C)O)[C@@]1(C)CC[C@H](C[C@@H]1C[C@H]3O)O,431.2767794,204.0666667
LIPMETLIN00161,a-Muricholic acid,C[C@@]1([C@@]2([H])CC[C@]1([H])[C@@](C)([H])CCC(O)=O)CC[C@@]3([H])[C@@]2([H])[C@H](O)[C@@H](O)[C@]4([H])C[C@H](O)CC[C@@]43C,431.2767794,214.7666667
LIPMETLIN00162,beta-Muricholic acid,[H][C@@]12[C@]([C@](CC[C@@H](O)C3)(C)[C@]3([H])[C@H](O)[C@@H]2O)([H])CC[C@@]4(C)[C@@]1([H])CC[C@]4([H])[C@]([H])(C)CCC(O)=O,431.2767794,216.7
LIPMETLIN00163,Cholic acid,[C@H]12[C@H]3[C@@]([C@H](CC3)[C@@H](CCC(=O)O)C)([C@H](C[C@@H]1[C@@]1([C@H](C[C@H]2O)C[C@@H](CC1)O)C)O)C,431.2767794,195.5
LIPMETLIN00164,Hyocholic acid,[H][C@@]12[C@]([C@](CC[C@@H](O)C3)(C)[C@]3([H])[C@@H](O)[C@H]2O)([H])CC[C@@]4(C)[C@@]1([H])CC[C@]4([H])[C@]([H])(C)CCC(O)=O,431.2767794,209.4666667
LIPMETLIN00165,Ursocholic acid,C[C@@]1([C@@]2([H])CC[C@]1([H])[C@@](C)([H])CCC(O)=O)[C@@H](O)C[C@@]3([H])[C@@]2([H])[C@@H](O)C[C@]4([H])C[C@H](O)CC[C@@]43C,431.2767794,198.9
LIPMETLIN00166,w-Muricholic acid,[C@@H]12[C@H](CC[C@]3([C@H]1CC[C@@H]3[C@@H](CCC(=O)O)C)C)[C@@]1([C@H]([C@H]([C@@H]2O)O)C[C@@H](CC1)O)C,431.2767794,219.4666667
LIPMETLIN00169,Sphinganine-1-Phosphate (d20:0),[H][C@](CCCCCCCCCCCCCCCCC)(O)[C@]([NH3+])([H])COP([O-])(O)=O,432.2849148,215.5666667
LIPMETLIN00171,06:0 PE,[C@H](COC(=O)CCCCC)(OC(=O)CCCCC)COP(=O)(OCCN)O,434.1914138,206.73
LIPMETLIN00172,10:0 Lyso PC,O=C(CCCCCCCCC)OC[C@]([H])(COP(OCC[N+](C)(C)C)([O-])=O)O,434.2277972,215.0333333
LIPMETLIN00173,13:0 Lyso PE,O=C(CCCCCCCCCCCC)OC[C@]([H])(COP(OCCN)(O)=O)O,434.2277972,211.7666667
LIPMETLIN00174,C8 Ceramide (d17:1/8:0),OC[C@@H]([C@@H](/C=C/CCCCCCCCCCCC)O)NC(=O)CCCCCCC,434.3604448,225.3
LIPMETLIN00177,3-oxo-4-cholestenoic acid,C1CC(=O)C=C2C1(C1C(CC2)C2C(CC1)(C(CC2)C(C)CCCC(C(=O)O)C)C)C,437.3025986,207.6333333
LIPMETLIN00180,"7?,27-dihydroxy-4-cholesten-3-one",[H][C@@]12[C@]([C@](CC3)(C)C(C[C@H]2O)=CC3=O)([H])CC[C@@]4(C)[C@@]1([H])CC[C@]4([H])[C@]([H])(C)CCC[C@@H](C)CO,439.3182478,201.6333333
LIPMETLIN00181,"7a,24(S)-dihydroxy-4-cholesten-3-one",CC(C)[C@@H](O)CC[C@@H](C)[C@H]1CC[C@@]2([H])[C@]3([H])[C@H](O)CC4=CC(CC[C@]4(C)[C@@]3([H])CC[C@]12C)=O,439.3182478,238.1
LIPMETLIN00182,7-keto-25-hydroxycholesterol,[H][C@@]12[C@]([C@](CC[C@H](O)C3)(C)C3=CC2=O)([H])CC[C@@]4(C)[C@@]1([H])CC[C@]4([H])[C@]([H])(C)CCCC(C)(O)C,439.3182478,209.4
LIPMETLIN00183,7-keto-27-hydroxycholesterol,C[C@@]1([C@@]2([H])CC[C@]1([H])[C@@](C)([H])CCC[C@@H](C)CO)CC[C@@]3([H])[C@@]2([H])C(C=C4C[C@@H](O)CC[C@@]43C)=O,439.3182478,210.7666667
LIPMETLIN00184,18:1 Cyclic LPA,O=P1(O)OC(COC(CCCCCCC/C=C\CCCCCCCC)=O)CO1,441.2376328,205.6333333
LIPMETLIN00186,6-keto-5a-hydroxycholesterol,C[C@]12CCC([C@](CC[C@H](O)C3)(C)[C@@]3(O)C(C4)=O)C4C1CC[C@]2([H])[C@]([H])(C)CCCC(C)C,441.333897,236.7
LIPMETLIN00187,Atheronal A,C[C@]12CC[C@@]([C@](CC[C@H](O)C3)(C)C3=O)([H])[C@](CC=O)([H])C1CC[C@]2([H])[C@]([H])(C)CCCC(C)C,441.333897,227.5666667
LIPMETLIN00188,Atheronal B,C[C@]12CCC([C@]3(C)[C@@]4(O)C[C@@H](O)CC3)C([C@H]4C=O)C1CC[C@]2([H])[C@]([H])(C)CCCC(C)C,441.333897,226.7666667
LIPMETLIN00191,C18:1 LPA,C([C@H](COP(=O)(O)O)O)OCCCCCCCC/C=C\CCCCCCCC,445.2689312,210.3
LIPMETLIN00192,Sphingosyl PE (d18:1),C([C@@H]([C@@H](/C=C/CCCCCCCCCCCCC)O)N)OP(=O)([O-])OCC[NH3+],445.2801642,220.8
LIPMETLIN00195,"3a,6a,7a,12a-tetrahydroxy bile acid (THBA)",C[C@@]1([C@@]2([H])CC[C@]1([H])[C@@](C)([H])CCC(O)=O)[C@@H](O)C[C@@]3([H])[C@@]2([H])[C@H](O)[C@H](O)[C@]4([H])C[C@H](O)CC[C@@]43C,447.2716944,197.7
LIPMETLIN00196,"3a,6b,7a,12a-tetrahydroxy bile acid (THBA)",C[C@@]1([C@@]2([H])CC[C@]1([H])[C@@](C)([H])CCC(O)=O)[C@@H](O)C[C@@]3([H])[C@@]2([H])[C@H](O)[C@@H](O)[C@]4([H])C[C@H](O)CC[C@@]43C,447.2716944,199.1333333
LIPMETLIN00197,C18 LPA,CCCCCCCCCCCCCCCCCCOC[C@@H](O)COP(O)(O)=O,447.2845804,214.6666667
LIPMETLIN00198,05:0 PC,[C@H](COC(=O)CCCC)(OC(=O)CCCC)COP(=O)(OCC[N+](C)(C)C)[O-],448.207063,210.27
LIPMETLIN00199,11:0 Lyso PC,O=C(CCCCCCCCCC)OC[C@]([H])(COP(OCC[N+](C)(C)C)([O-])=O)O,448.2434464,218.5666667
LIPMETLIN00200,06:0 Diether PC,P(=O)([O-])(OCC[N+](C)(C)C)OC[C@@H](COCCCCCC)OCCCCCC,448.2798298,215
LIPMETLIN00201,C18:1(delta9-cis) Carnitine,C[N+](C)(C)C[C@H](OC(CCCCCCC/C=C\CCCCCCCC)=O)CC([O-])=O,448.3397106,222.3
LIPMETLIN00202,C6-Urea-Ceramide,OC[C@]([H])(NC(NCCCCCC)=O)[C@]([H])(O)/C=C/CCCCCCCCCCCCC,449.3713434,228.3
LIPMETLIN00205,C8 Dihydroceramide (d18:0/8:0),CCCCCCCCCCCCCCC[C@H]([C@H](CO)N=C(CCCCCCC)O)O,450.3917432,226.3666667
LIPMETLIN00207,3ß-hydroxy-7-oxo-5-cholestenoic acid,[H][C@@]12[C@]([C@](CC[C@H](O)C3)(C)C3=CC2=O)([H])CC[C@@]4(C)[C@@]1([H])CC[C@]4([H])[C@]([H])(C)CCC[C@@H](C)C(O)=O,453.2975136,211.6666667
LIPMETLIN00208,7a-hydroxy-3-oxo-4-cholestenoic acid,[H][C@@]12[C@]([C@](CC3)(C)C(C[C@H]2O)=CC3=O)([H])CC[C@@]4(C)[C@@]1([H])CC[C@]4([H])[C@]([H])(C)CCC[C@@H](C)C(O)=O,453.2975136,202.9666667
LIPMETLIN00209,"3b,7b-dihydroxy-5-cholestenoic acid",[H][C@@]12[C@]([C@](CC[C@H](O)C3)(C)C3=C[C@@H]2O)([H])CC[C@@]4(C)[C@@]1([H])CC[C@]4([H])[C@]([H])(C)CCC[C@@H](C)C(O)=O,455.3131628,213.1
LIPMETLIN00210,"3ß,24S-dihydroxy-5-cholestenoic acid",O[C@H](C1)CC[C@](C1=CC2)(C)C3C2C(CC[C@@H]4[C@H](C)CC[C@H](O)[C@@H](C)C(O)=O)[C@]4(C)CC3,455.3131628,236.1
LIPMETLIN00211,"3ß,7?-dihydroxy-5-cholestenoic acid",[C@H]1(CC2=C[C@H]([C@@H]3[C@@H]([C@]2(CC1)C)CC[C@]1([C@H]3CC[C@@H]1[C@@H](CCCC(C(=O)O)C)C)C)O)O,455.3131628,212.8333333
LIPMETLIN00212,"3b,7a-DiOH-d2 Chol Acid",[H][C@@]12[C@]([C@](CC[C@@](O)([2H])C3)(C)C3=C[C@@]2([2H])O)([H])CC[C@@]4(C)[C@@]1([H])CC[C@]4([H])[C@]([H])(C)CCC[C@H](C(O)=O)C,457.3255136,213.1333333
LIPMETLIN00213,"7?,24S,27-trihydroxycholesterol",C[C@]12CCC([C@](CC[C@H](O)C3)(C)C3=C[C@H]4O)C4C1CC[C@@H]2[C@H](C)CC[C@H](O)[C@@H](C)CO,457.328812,211.5333333
LIPMETLIN00215,C6(6-azido) Ceramide,OC[C@]([H])(NC(CCCCCN=[N+]=[N-])=O)[C@]([H])(O)/C=C/CCCCCCCCCCCCC,461.346193,222.7666667
LIPMETLIN00216,12:0 Lyso PC,O[C@](COP([O-])(OCC[N+](C)(C)C)=O)([H])COC(CCCCCCCCCCC)=O,462.2590956,222.4666667
LIPMETLIN00217,13:0 Lyso PG,[H][C@@](CO)(O)COP(OC[C@]([H])(O)COC(CCCCCCCCCCCC)=O)(O)=O,465.2223778,214.1333333
LIPMETLIN00218,N-08:0 Phytosphingosine,O[C@@H]([C@H]([C@H](CO)NC(CCCCCCC)=O)O)CCCCCCCCCCCCCC,466.3866582,231.9
LIPMETLIN00219,"3b,7a,24S-trihydroxy-5-cholestenoic acid",O[C@H](C1)CC[C@](C1=C[C@H]2O)(C)C3C2C(CC[C@@H]4[C@H](C)CC[C@H](O)[C@@H](C)C(O)=O)[C@]4(C)CC3,471.3080778,214.5666667
LIPMETLIN00220,"3ß,7?,25-trihydroxy-5-cholestenoic acid",O[C@H](C1)CC[C@](C1=C[C@H]2O)(C)C3C2C(CC[C@@H]4[C@H](C)CCCC(C)(O)C(O)=O)[C@]4(C)CC3,471.3080778,214.6666667
LIPMETLIN00221,Glycochenodeoxycholic acid,[C@H]12[C@H]3[C@@H]([C@@]4([C@H](C[C@H]3O)C[C@@H](CC4)O)C)CC[C@@]1([C@H](CC2)[C@@H](CCC(=O)NCC(=O)O)C)C,472.3033272,203.0666667
LIPMETLIN00222,Glycohyodeoxycholic acid,C[C@]([C@@]1([H])CC[C@]2([H])C1(C)CC[C@@]3([H])[C@@]2([H])C[C@H](O)[C@@]4([H])[C@]3(C)CC[C@@H](O)C4)([H])CCC(NCC(O)=O)=O,472.3033272,206.5
LIPMETLIN00223,Glycoursodeoxycholic acid,O[C@@H](C1)CC[C@]([C@]1([H])C[C@@H]2O)(C)[C@]3([H])[C@]2([H])[C@@](CC[C@]4([H])[C@]([H])(C)CCC(NCC(O)=O)=O)([H])[C@]4(C)CC3,472.3033272,203.4
LIPMETLIN00224,Lyso SM (d17:1),[H][C@](N)(COP(OCC[N+](C)(C)C)([O-])=O)[C@@](O)([H])/C=C/CCCCCCCCCCCC,473.3114626,226.8666667
LIPMETLIN00225,trihydroxycholestanoic acid,C12C3[C@@](C(CC3)[C@@H](CCCC(C(=O)O)C)C)([C@H](CC1[C@@]1([C@H](C[C@H]2O)C[C@@H](CC1)O)C)O)C,473.323727,206.9333333
LIPMETLIN00226,N-C12-desoxymethylsphingosine,C([C@@H](/C=C/CCCCCCCCCCCCC)O)NC(=O)CCCCCCCCCCC,474.4281266,232.5
LIPMETLIN00228,06:0 PC (DHPC),[C@H](COC(=O)CCCCC)(OC(=O)CCCCC)COP(=O)(OCC[N+](C)(C)C)[O-],476.2383614,219.93
LIPMETLIN00229,13:0 Lyso PC,O=C(CCCCCCCCCCCC)OC[C@]([H])(COP(OCC[N+](C)(C)C)([O-])=O)O,476.2747448,225.4333333
LIPMETLIN00230,16:0 Lyso PE,C([C@H](COP(=O)([O-])OCC[NH3+])O)OC(=O)CCCCCCCCCCCCCCC,476.2747448,221.9
LIPMETLIN00231,C10 Ceramide (d18:1/10:0),[H][C@](/C=C/CCCCCCCCCCCCC)(O)CNC(CCCCCCCCCCCCC/C=C\CCCCCCCC)=O,476.4073924,234.9
LIPMETLIN00232,N-C12-desoxymethylsphinganine,C([C@@H](CCCCCCCCCCCCCCC)O)NC(=O)CCCCCCCCCCC,476.4437758,232.9
LIPMETLIN00233,06:0 PS,O=C(CCCCC)OC[C@]([H])(COP(OC[C@](C(O)=O)([H])N)(O)=O)OC(CCCCC)=O,478.1812438,208.8
LIPMETLIN00234,13:0 Lyso PS,O=C(CCCCCCCCCCCC)OC[C@]([H])(COP(OC[C@](C(O)=O)([H])N)(O)=O)O,478.2176272,217.0333333
LIPMETLIN00235,14:0 Lyso PG,[H][C@@](CO)(O)COP(OC[C@]([H])(O)COC(CCCCCCCCCCCCC)=O)(O)=O,479.238027,217.5
LIPMETLIN00236,20:4 Lyso PA,O[C@@H](COP(O)(O)=O)COC(CCC/C=C\C/C=C\C/C=C\C/C=C\CCCCC)=O,481.2325478,209.2666667
LIPMETLIN00237,Trans-AzCA4,O=C(CCCC1=CC=C(/N=N/C2=CC=C(CCCC)C=C2)C=C1)NCC3=CC(O)=C(OC)C=C3,482.2413992,213.7333333
LIPMETLIN00238,Glycodehydrocholic acid,[C@@H]12[C@H](CC(=O)[C@]3([C@H]1CC[C@@H]3[C@@H](CCC(=O)NCC(=O)O)C)C)[C@@]1([C@H](CC2=O)CC(=O)CC1)C,482.2512946,201.5666667
LIPMETLIN00239,"C6 ceramide-1,3-cyclic-phosphate (d18:1/6:0)",CCCCCCCCCCCCC/C=C/[C@@H](O1)[C@@H](NC(CCCCC)=O)COP1(O)=O,482.300564,222
LIPMETLIN00240,RBM14C12,OC[C@H](NC(CCCCCCCCCCC)=O)[C@H](O)CCOC1=CC=C(C=CC(O2)=O)C2=C1,484.2669438,219.7666667
LIPMETLIN00241,Galactosyl(ß) Sphingosine (d18:1),[C@H]1(O[C@@H]([C@@H]([C@@H]([C@H]1O)O)O)CO)OC[C@@H]([C@@H](/C=C/CCCCCCCCCCCCC)O)N,484.3244556,227.0333333
LIPMETLIN00242,Glucosyl(a) Sphingosine (d18:1),O[C@H]1[C@@H](OC[C@H](N)[C@H](O)/C=C/CCCCCCCCCCCCC)O[C@H](CO)[C@H](O)[C@@H]1O,484.3244556,227.2
LIPMETLIN00243,Glucosyl(b) Sphingosine (d18:1),[H][C@](/C=C/CCCCCCCCCCCCC)(O)[C@](N)([H])CO[C@H](O1)[C@H](O)[C@@H](O)[C@@H]([C@H]1CO)O,484.3244556,227.1666667
LIPMETLIN00244,"Beta-D-mannosyl farnesyl phosphate, ammonium salt",OC[C@@H]1[C@@H](O)[C@H](O)[C@H](O)[C@H](OP(OC/C=C(C)/CC/C=C(C)/CC/C=C(C)/C)(O)=O)O1,485.2274628,205.6
LIPMETLIN00245,Lyso SM (d18:1),CCCCCCCCCCCCC/C=C/C(C(COP([O-])(OCC[N+](C)(C)C)=O)N)O,487.3271118,230.3
LIPMETLIN00246,17:1 Lyso PE,O[C@](COP([O-])(OCC[NH3+])=O)([H])COC(CCCCCCCC/C=C\CCCCCC)=O,488.2747448,218.3333333
LIPMETLIN00247,Glyco-gamma-muricholic acid,[H][C@@]12[C@]([C@](CC[C@@H](O)C3)(C)[C@]3([H])[C@@H](O)[C@H]2O)([H])CC[C@@]4(C)[C@@]1([H])CC[C@]4([H])[C@]([H])(C)CCC(NCC(O)=O)=O,488.2982422,206.8666667
LIPMETLIN00248,C18(Plasm) LPE,[O-]P(OCC[N+]([H])([H])[H])(OC[C@]([H])(O)CO/C=C\CCCCCCCCCCCCCCCC)=O,488.3111282,225.925
LIPMETLIN00249,N-C12-deoxysphingosine,C[C@@](NC(CCCCCCCCCCC)=O)([H])[C@]([H])(O)/C=C/CCCCCCCCCCCCC,488.4437758,238.4
LIPMETLIN00250,2S-OMPT,"CCCCCCCC/C=CCCCCCCCC(=O)OC[CH](COP(O)(O)=S)OC	CCCCCCCCC=CCCCCCCCC(=O)OC[C@@H](COP(O)(O)=S)OC",489.2410032,215.2333333
LIPMETLIN00251,Lyso SM (dihydro) (d18:0),[C@H]([C@@H](CCCCCCCCCCCCCCC)O)(N)COP(=O)(OCC[N+](C)(C)C)[O-],489.342761,232.2666667
LIPMETLIN00252,08:0 PE,O=C(CCCCCCC)OC[C@]([H])(COP(OCCN)(O)=O)OC(CCCCCCC)=O,490.2540106,226.0333333
LIPMETLIN00253,14:0 Lyso PC,O[C@](COP([O-])(OCC[N+](C)(C)C)=O)([H])COC(CCCCCCCCCCCCC)=O,490.290394,228.2666667
LIPMETLIN00254,N-12:0-1-deoxysphinganine,CCCCCCCCCCCCCCC[C@@H](O)[C@@H](NC(CCCCCCCCCCC)=O)C,490.459425,237.1
LIPMETLIN00256,D-threo-PPMP,CCCCCCCCCCCCCCCC(N[C@@H]([C@@H](C1=CC=CC=C1)O)CN2CCOCC2)=O,497.3713434,225.7666667
LIPMETLIN00257,18:1 Lyso PE,[H][C@@](COC(CCCCCCC/C=C\CCCCCCCC)=O)(COP(O)(OCCN)=O)O,502.290394,222.9333333
LIPMETLIN00258,2-18:1 Lyso PE,[O-]P(OCC[NH3+])(OC[C@]([H])(OC(CCCCCCC/C=C\CCCCCCCC)=O)CO)=O,502.290394,222.9333333
LIPMETLIN00259,C16(Plasm) LPC,[H][C@](O)(COP(OCC[N+](C)(C)C)([O-])=O)CO/C=C\CCCCCCCCCCCCCC,502.3267774,229.2666667
LIPMETLIN00260,10:0 PA,[H][C@@](COP(O)(O)=O)(OC(CCCCCCCCC)=O)COC(CCCCCCCCC)=O,503.2744104,226.3666667
LIPMETLIN00261,07:0 PC (DHPC),O=C(CCCCCC)OC[C@]([H])(COP(OCC[N+](C)(C)C)([O-])=O)OC(CCCCCC)=O,504.2696598,229.2333333
LIPMETLIN00262,15:0 Lyso PC,C([C@H](COP(=O)([O-])OCC[N+](C)(C)C)O)OC(=O)CCCCCCCCCCCCCC,504.3060432,231.7666667
LIPMETLIN00263,18:0 Lyso PE,O=C(CCCCCCCCCCCCCCCCC)OC[C@]([H])(COP(OCCN)(O)=O)O,504.3060432,228.85
LIPMETLIN00264,C12 Ceramide (d18:1/12:0),OC[C@H](NC(=O)CCCCCCCCCCC)[C@H](O)/C=C/CCCCCCCCCCCCC,504.4386908,240.3
LIPMETLIN00265,C16 Ceramide (d14:1/16:0),[H][C@](NC(CCCCCCCCCCCCCCC)=O)(CO)[C@@](O)([H])/C=C/CCCCCCCCC,504.4386908,243.3333333
LIPMETLIN00267,Phytosphingosine Phosphocholine,O[C@]([H])(CCCCCCCCCCCCCC)[C@](O)([H])[C@](N)([H])COP([O-])(OCC[N+](C)(C)C)=O,505.337676,233.6
LIPMETLIN00268,C12 Dihydroceramide (d18:0/12:0),OC[C@]([H])(NC(CCCCCCCCCCC)=O)[C@]([H])(O)CCCCCCCCCCCCCCC,506.45434,241.2666667
LIPMETLIN00269,16:0 Lyso PG,[H][C@@](CO)(O)COP(OCC([H])(O)COC(CCCCCCCCCCCCCCC)=O)(O)=O,507.2693254,224.6
LIPMETLIN00270,Galactosyl(b) Dimethyl Sphingosine (d18:1),[H][C@](/C=C/CCCCCCCCCCCCC)(O)[C@](N(C)C)([H])CO[C@H](O1)[C@H](O)[C@@H](O)[C@H]([C@H]1CO)O,512.355754,231.4
LIPMETLIN00271,glucosyl (ß) Sphingosine (d20:1),[H][C@](/C=C/CCCCCCCCCCCCCCC)(O)[C@](N)([H])CO[C@H](O1)[C@H](O)[C@@H](O)[C@@H]([C@H]1CO)O,512.355754,233.6
LIPMETLIN00273,14:0-d27 Lyso PC,O[C@](COP([O-])(OCC[N+](C)(C)C)=O)([H])COC(C([2H])([2H])C([2H])([2H])C([2H])([2H])C([2H])([2H])C([2H])([2H])C([2H])([2H])C([2H])([2H])C([2H])([2H])C([2H])([2H])C([2H])([2H])C([2H])([2H])C([2H])([2H])C([2H])([2H])[2H])=O,517.4571298,229.7
LIPMETLIN00274,16:0 Lyso PC,P(=O)(OCC(COC(=O)CCCCCCCCCCCCCCC)O)(OCC[N+](C)(C)C)O,518.3216924,235.4333333
LIPMETLIN00275,2-16:0 Lyso PC,P(=O)([O-])(OCC[N+](C)(C)C)OC[C@@H](CO)OC(=O)CCCCCCCCCCCCCCC,518.3216924,234.6333333
LIPMETLIN00277,17:1 Lyso PG,[H][C@@](COP(O)(OCC(O)CO)=O)(O)COC(CCCCCCCC/C=C\CCCCCC)=O,519.2693254,221.8333333
LIPMETLIN00278,16:0 Lyso PS,O=C(CCCCCCCCCCCCCCC)OC[C@]([H])(COP(OC[C@](C(O)=O)([H])N)(O)=O)O,520.2645748,227.5333333
LIPMETLIN00279,12:0(2S-OH) Ceramide,CCCCCCCCCCCCC/C=C/[C@@H](O)[C@@H](NC([C@@H](O)CCCCCCCCCC)=O)CO,520.4336058,242.2666667
LIPMETLIN00280,12:0(2S-OH) Ceramide,CCCCCCCCCCCCC/C=C/[C@@H](O)[C@@H](NC([C@@H](O)CCCCCCCCCC)=O)CO,520.4336058,242.2666667
LIPMETLIN00282,"Taurochenodeoxycholic acid, sodium salt",[C@H]12[C@H]3[C@@H]([C@@]4([C@H](C[C@H]3O)C[C@@H](CC4)O)C)CC[C@@]1([C@H](CC2)[C@@H](CCC(=O)NCCS(=O)(=O)O)C)C,522.2859634,207.7333333
LIPMETLIN00283,Taurodeoxycholic acid,O[C@@H]1CC[C@]2([C@@H](C1)CC[C@@H]1[C@@H]2C[C@H](O)[C@]2([C@H]1CC[C@@H]2C(CCC(=O)NCCS(=O)(=O)O)C)C)C,522.2859634,210.9666667
LIPMETLIN00284,Taurohyodeoxycholic acid,[C@@H]12[C@H](CC[C@]3([C@H]1CC[C@@H]3[C@@H](CCC(=O)NCCS(=O)(=O)O)C)C)[C@@]1([C@H]([C@H](C2)O)C[C@@H](CC1)O)C,522.2859634,214.87
LIPMETLIN00285,Tauroursodeoxycholic acid,C1[C@H](C[C@@H]2[C@](C1)([C@@H]1[C@@H]([C@H](C2)O)[C@H]2[C@](CC1)([C@H](CC2)[C@H](C)CCC(=O)NCCS(=O)(=O)O)C)C)O,522.2859634,213.9666667
LIPMETLIN00286,DC-Cholesterol?HCl,[H][C@](C1)(OC(NCCN(C)C)=O)CC[C@@]2(C)C1=CC[C@]3([H])[C@]2([H])CC[C@@]4(C)[C@@]3([H])CC[C@]4([H])[C@H](C)CCCC(C)C,523.423376,263.4
LIPMETLIN00289,02:0 SM (d18:1/2:0),[H][C@](/C=C/CCCCCCCCCCCCC)(O)[C@@]([H])(NC(C)=O)COP([O-])(OCC[N+](C)(C)C)=O,529.337676,239.0333333
LIPMETLIN00290,17:1 Lyso PC,O=C(CCCCCCC/C=C\CCCCCCC)OC[C@]([H])(COP(OCC[N+](C)(C)C)([O-])=O)O,530.3216924,231.4333333
LIPMETLIN00291,C18(Plasm) LPC,[H][C@](O)(COP(OCC[N+](C)(C)C)([O-])=O)CO/C=C\CCCCCCCCCCCCCCCC,530.3580758,237.2333333
LIPMETLIN00293,N-C16-desoxymethylsphingosine,C([C@@H](/C=C/CCCCCCCCCCCCC)O)NC(=O)CCCCCCCCCCCCCCC,530.4907234,245.3
LIPMETLIN00294,Taurodehydrocholic acid,[H][C@@]12[C@]([C@](CCC(C3)=O)(C)[C@]3([H])CC2=O)([H])CC([C@@]4(C)[C@@]1([H])CC[C@]4([H])[C@]([H])(C)CCC(NCCS(=O)(O)=O)=O)=O,532.2339308,208.1333333
LIPMETLIN00295,17:1 Lyso PS,O[C@](COP(O)(OC[C@](C([O-])=O)([H])[NH3+])=O)([H])COC(CCCCCCCC/C=C\CCCCCC)=O,532.2645748,224.3666667
LIPMETLIN00296,08:0 PC,[C@H](COC(=O)CCCCCCC)(OC(=O)CCCCCCC)COP(=O)(OCC[N+](C)(C)C)[O-],532.3009582,237.8666667
LIPMETLIN00297,17:0 Lyso PC,CCCCCCCCCCCCCCCCC(=O)OCC(COP(=O)([O-])OCC[N+](C)(C)C)O,532.3373416,239.4666667
LIPMETLIN00298,C14 Ceramide (d18:1/14:0),[C@H]([C@@H](/C=C/CCCCCCCCCCCCC)O)(NC(=O)CCCCCCCCCCCCC)CO,532.4699892,246.4666667
LIPMETLIN00299,N-C16-desoxymethylsphinganine,[H][C@](CCCCCCCCCCCCCCC)(O)CNC(CCCCCCCCCCCCCCC)=O,532.5063726,246.9333333
LIPMETLIN00300,18:1 Lyso PG,[H][C@@](CO)(O)COP(OC[C@]([H])(O)COC(CCCCCCC/C=C\CCCCCCCC)=O)(O)=O,533.2849746,226.0333333
LIPMETLIN00301,08:0 PS,C(=O)([C@H](COP(=O)(OC[C@@H](COC(=O)CCCCCCC)OC(=O)CCCCCCC)O)N)O,534.2438406,226.2666667
LIPMETLIN00302,C14 dihydroceramide (d18:0/14:0),O[C@@H]([C@H](CO)NC(CCCCCCCCCCCCC)=O)CCCCCCCCCCCCCCC,534.4856384,248.0333333
LIPMETLIN00303,18:0 Lyso PG,[H][C@@](CO)(O)COP(OC[C@]([H])(O)COC(CCCCCCCCCCCCCCCCC)=O)(O)=O,535.3006238,231.7666667
LIPMETLIN00304,14:0 DG,OC[C@@H](COC(=O)CCCCCCCCCCCCC)OC(=O)CCCCCCCCCCCCC,535.4332714,239.9666667
LIPMETLIN00305,18:0 Dibromo MG (S-isomer),OC[C@@](O)([H])COC(CCCCCCCC(Br)C(Br)CCCCCCCC)=O,537.1185364,217.6333333
LIPMETLIN00306,"Tauro-?-muricholic acid, sodium salt",[H][C@@]12[C@]([C@](CC[C@@H](O)C3)(C)[C@]3([H])[C@H](O)[C@H]2O)([H])CC[C@@]4(C)[C@@]1([H])CC[C@]4([H])[C@]([H])(C)CCC(NCCS(=O)(O)=O)=O,538.2808784,212.6666667
LIPMETLIN00307,"Tauro-b-muricholic acid, sodium salt",[H][C@@]12[C@]([C@](CC[C@@H](O)C3)(C)[C@]3([H])[C@H](O)[C@@H]2O)([H])CC[C@@]4(C)[C@@]1([H])CC[C@]4([H])[C@]([H])(C)CCC(NCCS(=O)(O)=O)=O,538.2808784,216.8
LIPMETLIN00308,Taurocholic acid,C12[C@H]3[C@@]([C@H](CC3)[C@@H](CCC(=O)NCCS(=O)(=O)O)C)([C@H](C[C@@H]1[C@@]1([C@H](C[C@H]2O)C[C@@H](CC1)O)C)O)C,538.2808784,210.8
LIPMETLIN00309,Tauro-gamma-muricholic acid,[C@@H]12[C@H](CC[C@]3([C@H]1CC[C@@H]3[C@@H](CCC(=O)NCCS(=O)(=O)O)C)C)[C@@]1([C@H]([C@H]([C@H]2O)O)C[C@@H](CC1)O)C,538.2808784,214.7
LIPMETLIN00311,RBM14C16,OC[C@H](NC(CCCCCCCCCCCCCCC)=O)[C@H](O)CCOC1=CC=C(C=CC(O2)=O)C2=C1,540.3295406,232.4333333
LIPMETLIN00312,18:2 Lyso PC,CCCCCC=CCC=CCCCCCCCC(OCC(O)COP([O-])(OCC[N+](C)(C)C)=O)=O,542.3216924,232.275
LIPMETLIN00313,18:1 Lyso PC,O=C(CCCCCCC/C=C\CCCCCCCC)OC[C@]([H])(COP(OCC[N+](C)(C)C)([O-])=O)O,544.3373416,236.6
LIPMETLIN00314,2-18:1 Lyso PC,OC[C@]([H])(COP(OCC[N+](C)(C)C)([O-])=O)OC(CCCCCCC/C=C\CCCCCCCC)=O,544.3373416,237.7666667
LIPMETLIN00315,N-C16-deoxysphingosine,C[C@@](NC(CCCCCCCCCCCCCCC)=O)([H])[C@]([H])(O)/C=C/CCCCCCCCCCCCC,544.5063726,252.1666667
LIPMETLIN00316,18:1 Lyso PS,O=C(CCCCCCC/C=C\CCCCCCCC)OC[C@]([H])(COP(OC[C@](C(O)=O)([H])N)(O)=O)O,546.280224,228.4666667
LIPMETLIN00318,2-18:0 Lyso PC,OC[C@]([H])(COP(OCC[N+](C)(C)C)([O-])=O)OC(CCCCCCCCCCCCCCCCC)=O,546.3529908,241.2666667
LIPMETLIN00319,18:0 Lyso PC,O[C@](COP([O-])(OCC[N+](C)(C)C)=O)([H])COC(CCCCCCCCCCCCCCCCC)=O,546.3529908,242.275
LIPMETLIN00320,2-18:0 Lyso PC,OC[C@]([H])(COP(OCC[N+](C)(C)C)([O-])=O)OC(CCCCCCCCCCCCCCCCC)=O,546.3529908,241.2666667
LIPMETLIN00321,C15 Ceramide (d18:1/15:0),[H][C@](NC(CCCCCCCCCCCCCCCC)=O)(CO)[C@@](O)([H])/C=C/CCCCCCCCCCC,546.4856384,249.2333333
LIPMETLIN00322,N-C16-deoxysphinganine,C[C@@](NC(CCCCCCCCCCCCCCC)=O)([H])[C@]([H])(O)CCCCCCCCCCCCCCC,546.5220218,251.1666667
LIPMETLIN00323,18:0 Lyso PS,[H][C@@](COP(O)(OC[C@](C([O-])=O)([H])[NH3+])=O)(O)COC(CCCCCCCCCCCCCCCCC)=O,548.2958732,234.2333333
LIPMETLIN00325,"C16:0 Ceramide (d18:2(4E,8Z)/16:0)",OC[C@@](NC(CCCCCCCCCCCCCCC)=O)([H])[C@]([H])(O)/C=C/CC/C=C\CCCCCCCCC,558.4856384,249.9666667
LIPMETLIN00326,12:0 PA,[H][C@@](COP(O)(O)=O)(OC(CCCCCCCCCCC)=O)COC(CCCCCCCCCCC)=O,559.3370072,239.7333333
LIPMETLIN00327,09:0 PC,O=C(CCCCCCCC)OC[C@]([H])(COP(OCC[N+](C)(C)C)([O-])=O)OC(CCCCCCCC)=O,560.3322566,245.8666667
LIPMETLIN00328,16:0-02:0 PC,O=C(CCCCCCCCCCCCCCC)OC[C@]([H])(COP(OCC[N+](C)(C)C)([O-])=O)OC(C)=O,560.3322566,241.1
LIPMETLIN00329,19:0 Lyso PC,O=C(CCCCCCCCCCCCCCCCCC)OC[C@]([H])(COP(OCC[N+](C)(C)C)([O-])=O)O,560.36864,245.6
LIPMETLIN00330,C17-02:0 PC,[H][C@](OC(C)=O)(COP(OCC[N+](C)(C)C)([O-])=O)COCCCCCCCCCCCCCCCCC,560.36864,246.6666667
LIPMETLIN00331,C16 Ceramide (d18:1/16:0),[H][C@](NC(CCCCCCCCCCCCCCCCC)=O)(CO)[C@@](O)([H])/C=C/CCCCCCCCCCC,560.5012876,252.5
LIPMETLIN00332,"12:0 N-Biotinyl fatty acid, NHS",[H][C@@]1(CCCCC(NCCCCCCCCCCCC(ON2C(CCC2=O)=O)=O)=O)SC[C@@]3([H])[C@]1([H])NC(N3)=O,561.2717116,227.5333333
LIPMETLIN00333,12-PAHSA,OC(CCCCCCCCCCC(OC(CCCCCCCCCCCCCCC)=O)CCCCCC)=O,561.485304,248.3
LIPMETLIN00334,16:0 Ethylene Glycol,CCCCCCCCCCCCCCCC(OCCOC(CCCCCCCCCCCCCCC)=O)=O,561.485304,247.6333333
LIPMETLIN00335,5-PAHSA,CCCCCCCCCCCCCC(OC(CCCCCCCCCCCCCCC)=O)CCCC(O)=O,561.485304,249.6
LIPMETLIN00336,9-PAHSA,OC(CCCCCCCC(CCCCCCCCC)OC(CCCCCCCCCCCCCCC)=O)=O,561.485304,248.2666667
LIPMETLIN00337,C16 Dihydroceramide (d18:0/16:0),OC[C@]([H])(NC(CCCCC)=O)[C@]([H])(O)CCCCCCCCCCCCCCC,562.5169368,254.9333333
LIPMETLIN00338,Sphingosyl PI (d18:1),C([C@@H]([C@@H](/C=C/CCCCCCCCCCCCC)O)[NH3+])OP(=O)([O-])O[C@H]1C(C(C([C@H](C1O)O)O)O)O,564.2907882,238.0333333
LIPMETLIN00339,20:4 Lyso PC,O=P(OC[C@H](O)COC(CCC/C=C\C/C=C\C/C=C\C/C=C\CCCCC)=O)([O-])OCC[N+](C)(C)C,566.3216924,236.075
LIPMETLIN00340,"C12 ceramide-1,3-cyclic-phosphate (d18:1/12:0)",CCCCCCCCCCCCC/C=C/[C@@H](O1)[C@@H](NC(CCCCCCCCCCC)=O)COP1(O)=O,566.3944592,247.3666667
LIPMETLIN00341,C16 Ceramide-d7 (d18:1-d7/16:0),OC[C@]([H])(NC(CCCCCCCCCCCCCCC)=O)[C@@](O)([H])/C=C/CCCCCCCCCCC(C(C([2H])([2H])[2H])([2H])[2H])([2H])[2H],567.5445154,253.125
LIPMETLIN00342,ß-D-glucosyl cholesterol,C[C@H](CCCC(C)C)[C@H]1CCC2C3CC=C4C[C@@H](O[C@@H]5O[C@H](CO)[C@@H](O)[C@H](O)[C@H]5O)CC[C@]4(C)C3CC[C@]12C,571.396888,264.1666667
LIPMETLIN00343,Galactosyl Cholesterol,C[C@H](CCCC(C)C)[C@H]1CCC2C3CC=C4C[C@@H](O[C@@H]5O[C@H](CO)[C@H](O)[C@H](O)[C@H]5O)CC[C@]4(C)C3CC[C@]12C,571.396888,266.5333333
LIPMETLIN00344,C18:1 Ceramide (d17:1/18:1(9Z)),"CCCCCCCC/C=CCCCCCCCC(=O)N[C@@H](CO)[C@H](O)/C=C/CCCCCCCCCCCC	[H][C@@](O)(C=CCCCCCCCCCCCC)[C@]([H])(CO)NC(=O)CCCCCCCC=CCCCCCCCC",572.5012876,256
LIPMETLIN00345,20:0 Lyso PC,O[C@](COP([O-])(OCC[N+](C)(C)C)=O)([H])COC(CCCCCCCCCCCCCCCCCCC)=O,574.3842892,249.7
LIPMETLIN00348,CholPC,CC(CCC[C@@H](C)[C@@](CC[C@]1([C@](CC=C2C[C@](CC[C@]32C)(OP([O-])(OCC[N+](C)(C)C)=O)[H])4[H])[H])([C@]1(CC[C@@]43[H])C)[H])C,574.3995442,271.9
LIPMETLIN00349,C17 Ceramide (d18:1/17:0),OC[C@]([H])(NC(CCCCCCCCCCCCCCCC)=O)[C@]([H])(O)/C=C/CCCCCCCCCCCCC,574.5169368,255.4666667
LIPMETLIN00350,C18 Ceramide (d17:1/18:0),OC[C@]([H])(NC(CCCCCCCCCCCCCCCCC)=O)[C@]([H])(O)/C=C/CCCCCCCCCCCC,574.5169368,256.3333333
LIPMETLIN00351,16:0(2R-OH) Ceramide,CCCCCCCCCCCCC/C=C/[C@@H](O)[C@@H](NC([C@H](O)CCCCCCCCCCCCCC)=O)CO,576.4962026,256.5333333
LIPMETLIN00352,16:0(2S-OH) Ceramide,CCCCCCCCCCCCC/C=C/[C@H]([C@H](CO)NC(=O)[C@H](CCCCCCCCCCCCCC)O)O,576.4962026,253.3666667
LIPMETLIN00353,10:0 PG,[H][C@@](COP(O)(OCC(O)CO)=O)(OC(CCCCCCCCC)=O)COC(CCCCCCCCC)=O,577.311188,241.4666667
LIPMETLIN00354,12-PAHSA (C13 labeled),OC(=O)CCCCCCCCCCC(CCCCCC)O[13C](=O)[13CH2][13CH2][13CH2][13CH2][13CH2][13CH2][13CH2][13CH2][13CH2][13CH2][13CH2][13CH2][13CH2][13CH2][13CH3],577.5392204,248.5
LIPMETLIN00355,N-16:0 Phytosphingosine,OC[C@@](NC(CCCCCCCCCCCCCCC)=O)([H])[C@@](O)([H])[C@H](O)CCCCCCCCCCCCCC,578.5118518,258.6
LIPMETLIN00357,06:0 SM (d18:1/6:0),[H][C@](/C=C/CCCCCCCCCCCCC)(O)[C@@]([H])(NC(CCCCC)=O)COP([O-])(OCC[N+](C)(C)C)=O,585.4002728,255.4
LIPMETLIN00358,C18:1 Ceramide (d18:1/18:1(9Z)),CCCCCCCC/C=C\CCCCCCCC(N[C@H]([C@@H](/C=C/CCCCCCCCCCCCC)O)CO)=O,586.5169368,258.275
LIPMETLIN00360,C18 Ceramide (d18:1/18:0),CCCCCCCCCCCCC/C=C/[C@H]([C@@H](NC(CCCCCCCCCCCCCCCCC)=O)CO)O,588.532586,259.1
LIPMETLIN00361,C18:1 Dihydroceramide (d18:0/18:1(9Z)),OC[C@]([H])(NC(CCCCCCC/C=C\CCCCCCCC)=O)[C@]([H])(O)CCCCCCCCCCCCCCC,588.532586,260.2333333
LIPMETLIN00362,C22 Ceramide (d14:1/22:0),[H][C@](NC(CCCCCCCCCCCCCCCCCCCCC)=O)(CO)[C@@](O)([H])/C=C/CCCCCCCCC,588.532586,262.7
LIPMETLIN00363,C16-Urea-Ceramide,OC[C@]([H])(NC(NCCCCCCCCCCCCCCCC)=O)[C@]([H])(O)/C=C/CCCCCCCCCCCCC,589.5278354,259.3333333
LIPMETLIN00364,10:0 PS,C(=O)([C@H](COP(=O)(OC[C@@H](COC(=O)CCCCCCCCC)OC(=O)CCCCCCCCC)O)N)O,590.3064374,242.5
LIPMETLIN00366,17:0(2R-OH) Ceramide,CCCCCCCCCCCCC/C=C/[C@H]([C@H](CO)NC(=O)[C@@H](CCCCCCCCCCCCCCC)O)O,590.5118518,259
LIPMETLIN00367,17:0(2S-OH) Ceramide,CCCCCCCCCCCCC/C=C/[C@@H](O)[C@@H](NC([C@@H](O)CCCCCCCCCCCCCCC)=O)CO,590.5118518,257.4333333
LIPMETLIN00368,C18 Dihydroceramide (d18:0/18:0),OC[C@]([H])(NC(CCCCCCCCCCCCCCCCC)=O)[C@]([H])(O)CCCCCCCCCCCCCCC,590.5482352,261.0666667
LIPMETLIN00369,16:0 Lyso PI,C([C@H](COP(=O)(O)O[C@H]1C(C(C([C@H](C1O)O)O)O)O)O)OC(=O)CCCCCCCCCCCCCCC,595.2853688,235.9
LIPMETLIN00370,C18 Ceramide-d7 (d18:1-d7/18:0),OC[C@]([H])(NC(CCCCCCCCCCCCCCCCC)=O)[C@@](O)([H])/C=C/CCCCCCCCCCC(C(C([2H])([2H])[2H])([2H])[2H])([2H])[2H],595.5758138,259.5
LIPMETLIN00371,Glucosyl stigmasterol,C[C@H](/C=C/[C@@H](CC)C(C)C)[C@H]1CCC2C3CC=C4C[C@@H](O[C@@H]5O[C@H](CO)[C@@H](O)[C@H](O)[C@H]5O)CC[C@]4(C)C3CC[C@]12C,597.4125372,272.8666667
LIPMETLIN00372,Glucosyl sitosterol,C[C@]12CC[C@H](O[C@@H]3O[C@H](CO)[C@@H](O)C(O)[C@H]3O)CC1=CC[C@]4([H])[C@]2([H])CC[C@@]5(C)[C@@]4([H])CC[C@@H]5[C@@H](CC[C@@H](CC)C(C)C)C,599.4281864,273.6333333
LIPMETLIN00373,12:0 PE,O=C(CCCCCCCCCCC)OC[C@]([H])(COP(OCCN)(O)=O)OC(CCCCCCCCCCC)=O,602.3792042,256.3
LIPMETLIN00374,22:0 Lyso PC,C([C@H](COP(=O)([O-])OCC[N+](C)(C)C)O)OC(=O)CCCCCCCCCCCCCCCCCCCCC,602.4155876,255.8
LIPMETLIN00375,C18-04:0 PC,[H][C@](OC(CCC)=O)(COP(OCC[N+](C)(C)C)([O-])=O)COCCCCCCCCCCCCCCCCCC,602.4155876,256.4
LIPMETLIN00376,18:1(2R-OH) Ceramide,CCCCCCCCCCCCC/C=C/[C@@H](O)[C@@H](NC([C@H](O)CCCCCC/C=C\CCCCCCCC)=O)CO,602.5118518,262.8333333
LIPMETLIN00377,18:1(2S-OH) Ceramide,CCCCCCCCCCCCC/C=C/[C@@H](O)[C@@H](NC([C@@H](O)CCCCCC/C=C\CCCCCCCC)=O)CO,602.5118518,258.2333333
LIPMETLIN00378,C20 Ceramide (d17:1/20:0),OC[C@]([H])(NC(CCCCCCCCCCCCCCCCCCC)=O)[C@]([H])(O)/C=C/CCCCCCCCCCCC,602.5482352,262.9666667
LIPMETLIN00379,15:0-18:1 DG,OC[C@H](OC(CCCCCCC/C=C\CCCCCCCC)=O)COC(CCCCCCCCCCCCCC)=O,603.4958682,258.0333333
LIPMETLIN00380,18:0(2S-OH) Ceramide,CCCCCCCCCCCCC/C=C/[C@H]([C@H](CO)NC(=O)[C@H](CCCCCCCCCCCCCCCC)O)O,604.527501,259.6333333
LIPMETLIN00381,N-18:0 Phytosphingosine,O[C@@H]([C@H]([C@H](CO)NC(=O)CCCCCCCCCCCCCCCCC)O)CCCCCCCCCCCCCC,606.5431502,263.5
LIPMETLIN00383,08:0 PI,[H][C@@](COP(O)(O[C@H]1[C@H](O)[C@@H](O)[C@H](O)[C@@H](O)[C@H]1O)=O)(OC(CCCCCCC)=O)COC(CCCCCCC)=O,609.2646346,240.2
LIPMETLIN00384,C8 Galactosyl(a) Ceramide (d18:1/8:0),[H][C@]([C@@]([H])(/C=C/CCCCCCCCCCCCC)O)(NC(CCCCCCC)=O)CO[C@@H](O1)[C@H](O)[C@@H](O)[C@H]([C@H]1CO)O,610.428915,252.4
LIPMETLIN00385,C8 Galactosyl(b) Ceramide (d18:1/8:0),[H][C@](/C=C/CCCCCCCCCCCCC)(O)[C@@]([H])(NC(CCCCCCC)=O)CO[C@H](O1)[C@H](O)[C@@H](O)[C@H]([C@H]1CO)O,610.428915,252.2
LIPMETLIN00386,C8 Glucosyl(b) Ceramide (d18:1/8:0),[H][C@](/C=C/CCCCCCCCCCCCC)(O)[C@@]([H])(NC(CCCCCCC)=O)CO[C@H](O1)[C@H](O)[C@@H](O)[C@@H]([C@H]1CO)O,610.428915,254.5333333
LIPMETLIN00387,CoQ6,C1(=C(C(=O)C(=C(C1=O)C)C/C=C(/CC/C=C(/CC/C=C(/CC/C=C(/CC/C=C(/CCC=C(C)C)\C)\C)\C)\C)\C)OC)OC,613.4227072,242.5333333
LIPMETLIN00388,C12 Sphingosyl PE (d17:1/12:0),C([C@@H]([C@@H](/C=C/CCCCCCCCCCCC)O)NC(=O)CCCCCCCCCCC)OP(=O)([O-])OCC[NH3+],613.4315712,263.94
LIPMETLIN00389,18:1 Ethylene Glycol,O=C(CCCCCCC/C=C\CCCCCCCC)OCCOC(CCCCCCC/C=C\CCCCCCCC)=O,613.5166024,258.6333333
LIPMETLIN00390,14:0 PA,O=C(CCCCCCCCCCCCC)OC[C@]([H])(COP(O)(O)=O)OC(CCCCCCCCCCCCC)=O,615.399604,253.2333333
LIPMETLIN00391,POVPC,[C@H](COC(=O)CCCCCCCCCCCCCCC)(OC(=O)CCCC=O)COP(=O)(OCC[N+](C)(C)C)[O-],616.35847,258.4
LIPMETLIN00392,11:0 PC,P(=O)([O-])(OCC[N+](C)(C)C)OC[C@@H](COC(=O)CCCCCCCCCC)OC(=O)CCCCCCCCCC,616.3948534,260.3333333
LIPMETLIN00393,12:0 Diether PC,[C@H](COCCCCCCCCCCCC)(OCCCCCCCCCCCC)COP(=O)(OCC[N+](C)(C)C)[O-],616.4676202,260.1666667
LIPMETLIN00395,16:0-18:1 DG,OC[C@]([H])(OC(CCCCCCC/C=C\CCCCCCCC)=O)COC(CCCCCCCCCCCCCCC)=O,617.5115174,260.8666667
LIPMETLIN00396,16:0-succinoyl PC,P(=O)([O-])(OCC[N+](C)(C)C)OC[C@@H](COC(=O)CCCCCCCCCCCCCCC)OC(=O)CCC(=O)O,618.3377358,254.5
LIPMETLIN00397,18:0-16:0 DG,OC[C@]([H])(OC(CCCCCCCCCCCCCCC)=O)COC(CCCCCCCCCCCCCCCCC)=O,619.5271666,259.3
LIPMETLIN00399,"C16 ceramide-1,3-cyclic-phosphate (d18:1/16:0)",CCCCCCCCCCCCC/C=C/[C@@H](O1)[C@@H](NC(CCCCCCCCCCCCCCC)=O)COP1(O)=O,622.457056,261.8666667
LIPMETLIN00401,C6(6-azido) GalCer,[H][C@](/C=C/CCCCCCCCCCCCC)(O)[C@@]([H])(NC(CCCCCN=[N+]=[N-])=O)CO[C@H](O1)[C@H](O)[C@@H](O)[C@H]([C@H]1CO)O,623.399014,248.9666667
LIPMETLIN00402,C6(6-azido) GluCer,[H][C@](/C=C/CCCCCCCCCCCCC)(O)[C@@]([H])(NC(CCCCCN=[N+]=[N-])=O)CO[C@H](O1)[C@H](O)[C@@H](O)[C@H](O)[C@H]1CO,623.399014,251.1666667
LIPMETLIN00403,16:0 3-deoxy-C1P,O=C(N[C@@H](COP(O)(O)=O)C/C=C/CCCCCCCCCCCCC)CCCCCCCCCCCCCCC,624.4727052,264.2
LIPMETLIN00404,ACe-1,OC[C@H](NC(CCCC1=CC=C(/N=N/C2=CC=C(CCCC)C=C2)C=C1)=O)[C@H](O)/C=C/CCCCCCCCCCCCC,628.4448388,263
LIPMETLIN00405,20:0(2R-OH) Ceramide,CCCCCCCCCCCCC/C=C/[C@@H](O)[C@@H](NC([C@H](O)CCCCCCCCCCCCCCCCCC)=O)CO,632.5587994,269.2
LIPMETLIN00406,20:0(2S-OH) Ceramide,CCCCCCCCCCCCC/C=C/[C@H]([C@H](CO)NC(=O)[C@H](CCCCCCCCCCCCCCCCCC)O)O,632.5587994,266.1333333
LIPMETLIN00409,N-C24:1-desoxymethylsphingosine,[H][C@](/C=C/CCCCCCCCCCCCC)(O)CNC(CCCCCCCCCCCCC/C=C\CCCCCCCC)=O,640.6002678,276.2333333
LIPMETLIN00410,C16 Dihydroceramide-1-Phosphate (d18:0/16:0),C([C@@H]([C@@H](CCCCCCCCCCCCCCC)O)NC(=O)CCCCCCCCCCCCCCC)OP(=O)(O)O,642.4832694,265.8333333
LIPMETLIN00411,N-C24:1-desoxymethylsphinganine,C([C@@H](CCCCCCCCCCCCCCC)O)NC(=O)CCCCCCCCCCCCC/C=C/CCCCCCCC,642.615917,277.43
LIPMETLIN00412,20:4 Lyso PI,[C@H](COC(=O)CCC/C=C\C/C=C\C/C=C\C/C=C\CCCCC)(O)COP(=O)(O[C@H]1C(C(C([C@H](C1O)O)O)O)O)O,643.2853688,245.33
LIPMETLIN00414,12:0 PC (DLPC),O=C(CCCCCCCCCCC)OC[C@]([H])(COP(OCC[N+](C)(C)C)([O-])=O)OC(CCCCCCCCCCC)=O,644.4261518,267.0666667
LIPMETLIN00415,C22 Ceramide (d18:1/22:0),CCCCCCCCCCCCCCCCCCCCCC(=N[C@@H](CO)[C@@H](/C=C/CCCCCCCCCCCCC)O)O,644.5951828,272.025
LIPMETLIN00417,Lactosyl(beta) Sphingosine (d18:1),C([C@@H]([C@@H](/C=C/CCCCCCCCCCCCC)O)N)O[C@@H]1O[C@@H]([C@H](C(C1O)O)O[C@@H]1O[C@@H]([C@@H](C(C1O)O)O)CO)CO,646.3772766,255.53
LIPMETLIN00418,Lyso GA2,O[C@H]1[C@@H](CO)O[C@@](O[C@H]2[C@@H](CO)O[C@](OC[C@H](N)[C@H](O)/C=C/CCCCCCCCCCCCC)([H])[C@H](O)[C@H]2O)([H])[C@H](O)[C@H]1O,646.3772766,252.3666667
LIPMETLIN00419,18:0 DG,CCCCCCCCCCCCCCCCCC(OCC(OC(CCCCCCCCCCCCCCCCC)=O)CO)=O,647.558465,267.3
LIPMETLIN00420,N-C24:1-deoxysphingosine,C[C@@](NC(CCCCCCCCCCCCC/C=C\CCCCCCCC)=O)([H])[C@]([H])(O)/C=C/CCCCCCCCCCCCC,654.615917,278.8
LIPMETLIN00421,C24:1 Ceramide (d17:1/24:1(15Z)),OC[C@]([H])(NC(CCCCCCCCCCCCC/C=C\CCCCCCCC)=O)[C@]([H])(O)/C=C/CCCCCCCCCCCC,656.5951828,276.7
LIPMETLIN00422,N-C24:1-deoxysphinganine,C[C@]([H])(NC(CCCCCCCCCCCCC/C=C\CCCCCCCC)=O)[C@]([H])(O)CCCCCCCCCCCCCCC,656.6315662,277.4666667
LIPMETLIN00423,14:0 PE,[C@H](COC(=O)CCCCCCCCCCCCC)(OC(=O)CCCCCCCCCCCCC)COP(=O)(OCCN)O,658.441801,268.2
LIPMETLIN00424,26:0 Lyso PC,C[N+](C)(CCOP([O-])(OC[C@@](O)([H])COC(CCCCCCCCCCCCCCCCCCCCCCCCC)=O)=O)C,658.4781844,270.7333333
LIPMETLIN00425,C24 Ceramide (d17:1/24:0),OC[C@]([H])(NC(CCCCCCCCCCCCCCCCCCCCCCC)=O)[C@]([H])(O)/C=C/CCCCCCCCCCCC,658.610832,276.3333333
LIPMETLIN00426,Adamantanyl Galactosyl(ß) Ceramide,[H][C@](/C=C/CCCCCCCCCCCCC)(O)[C@](NC(CC12C[C@H]3C[C@@H](C2)C[C@@H](C1)C3)=O)([H])CO[C@H](O4)[C@H](O)[C@@H](O)[C@@H](O)[C@H]4CO,660.4445642,258.9666667
LIPMETLIN00427,Adamantanyl GlcCer,C([C@@H]([C@@H](/C=C/CCCCCCCCCCCCC)O)NC(=O)CC12CC3CC(CC(C3)C2)C1)O[C@@H]1O[C@@H]([C@H](C(C1O)O)O)CO,660.4445642,261.91
LIPMETLIN00428,22:0(2R-OH) Ceramide,CCCCCCCCCCCCC/C=C/[C@H]([C@H](CO)NC(=O)[C@@H](CCCCCCCCCCCCCCCCCCCC)O)O,660.5900978,274.8333333
LIPMETLIN00429,22:0(2S-OH) Ceramide,CCCCCCCCCCCCC/C=C/[C@H]([C@H](CO)NC(=O)[C@H](CCCCCCCCCCCCCCCCCCCC)O)O,660.5900978,273.9666667
LIPMETLIN00430,14:0 Diether PG,[H][C@@](COP(O)(OCC(O)CO)=O)(OCCCCCCCCCCCCCC)COCCCCCCCCCCCCCC,661.47785,268.6666667
LIPMETLIN00433,C12 Galactosyl(b) Ceramide (d18:1/12:0),[H][C@](/C=C/CCCCCCCCCCCCC)(O)[C@@]([H])(NC(CCCCCCCCCCC)=O)CO[C@H](O1)[C@H](O)[C@@H](O)[C@H]([C@H]1CO)O,666.4915118,266.9666667
LIPMETLIN00434,C12 Glucosyl(b) Ceramide (d18:1/12:0),[H][C@](/C=C/CCCCCCCCCCCCC)(O)[C@@]([H])(NC(CCCCCCCCCCC)=O)CO[C@H](O1)[C@H](O)[C@@H](O)[C@@H]([C@H]1CO)O,666.4915118,268.7333333
LIPMETLIN00435,18:0-20:4 DG,CCCCC/C=CC/C=CC/C=CC/C=CCCCC(=O)O[C@@H](CO)COC(=O)CCCCCCCCCCCCCCCCC,667.5271666,270.8
LIPMETLIN00436,"C24:1 Ceramide (d18:2(4E,8Z)/24:1(15Z))",OC[C@@](NC(CCCCCCCCCCCCC/C=C\CCCCCCCC)=O)([H])[C@]([H])(O)/C=C/CC/C=C\CCCCCCCCC,668.5951828,275.1333333
LIPMETLIN00437,12:0 SM (d18:1/12:0),[H][C@](/C=C/CCCCCCCCCCCCC)(O)[C@@]([H])(NC(CCCCCCCCCCC)=O)COP([O-])(OCC[N+](C)(C)C)=O,669.494168,276.3333333
LIPMETLIN00438,"C24:0 Ceramide (d18:2(4E,8Z)/24:0)",OC[C@@](NC(CCCCCCCCCCCCCCCCCCCCCCC)=O)([H])[C@]([H])(O)/C=C/CC/C=C\CCCCCCCCC,670.610832,275.6666667
LIPMETLIN00439,C24:1 Ceramide (d18:1/24:1(15Z)),OC[C@@H]([C@@H](/C=C/CCCCCCCCCCCCC)O)NC(CCCCCCCCCCCCC/C=C\CCCCCCCC)=O,670.610832,279.075
LIPMETLIN00440,16:0 PA,[H][C@@](COP(O)(O)=O)(OC(CCCCCCCCCCCCCCC)=O)COC(CCCCCCCCCCCCCCC)=O,671.4622008,266.2333333
LIPMETLIN00441,12:0 Dihydro SM (d18:0/12:0),C([C@@H]([C@@H](CCCCCCCCCCCCCCC)O)NC(=O)CCCCCCCCCCC)OP(=O)([O-])OCC[N+](C)(C)C,671.5098172,276.9666667
LIPMETLIN00442,16:0-09:0 (ALDO) PC,O=C(CCCCCCCCCCCCCCC)OC[C@]([H])(COP(OCC[N+](C)(C)C)([O-])=O)OC(CCCCCCCC([H])=O)=O,672.4210668,264.7666667
LIPMETLIN00444,13:0 PC,[C@H](COC(=O)CCCCCCCCCCCC)(OC(=O)CCCCCCCCCCCC)COP(=O)(OCC[N+](C)(C)C)[O-],672.4574502,271.8666667
LIPMETLIN00446,C24 Ceramide (d18:1/24:0),OC[C@@H]([C@@H](/C=C/CCCCCCCCCCCCC)O)NC(CCCCCCCCCCCCCCCCCCCCCCC)=O,672.6264812,278.4666667
LIPMETLIN00447,C24:1 Dihydroceramide (d18:0/24:1(15Z)),OC[C@]([H])(NC(CCCCCCCCCCCCC/C=C\CCCCCCCC)=O)[C@]([H])(O)CCCCCCCCCCCCCCC,672.6264812,280.9333333
LIPMETLIN00448,18:1 Chol Ester,[C@H]12[C@H]3[C@@H]([C@@]4(C(=CC3)C[C@H](CC4)OC(=O)CCCCCCC/C=C\CCCCCCCC)C)CC[C@@]1([C@H](CC2)[C@@H](CCCC(C)C)C)C,673.5893692,287.7
LIPMETLIN00449,C24 Dihydroceramide (d18:0/24:0),"C([C@H]([C@@H](NC(=O)CCCCCCCCCCCCCCCCCCCCCCC)CO)(O))CCCCCCCCCCCCCC	LMSP02020012",674.6421304,280.6
LIPMETLIN00450,4ME 16:0 Diether DG,C([C@H](CO)OCCC(CCCC(CCCC(CCCC(C)C)C)C)C)OCCC(CCCC(CCCC(CCCC(C)C)C)C)C,675.6625302,275.6333333
LIPMETLIN00451,C24:1 Ceramide-d7 (d18:1-d7/24:1(15Z)),OC[C@]([H])(NC(CCCCCCCCCCCCC/C=C\CCCCCCCC)=O)[C@@](O)([H])/C=C/CCCCCCCCCCC(C(C([2H])([2H])[2H])([2H])[2H])([2H])[2H],677.6540598,279.625
LIPMETLIN00452,C24 Ceramide-d7 (d18:1-d7/24:0),OC[C@]([H])(NC(CCCCCCCCCCCCCCCCCCCCCCC)=O)[C@@](O)([H])/C=C/CCCCCCCCCCC(C(C([2H])([2H])[2H])([2H])[2H])([2H])[2H],679.669709,279.3
LIPMETLIN00454,16:0 Phosphatidylmethanol,[H][C@@](COP(O)(OC)=O)(OC(CCCCCCCCCCCCCCC)=O)COC(CCCCCCCCCCCCCCC)=O,685.47785,270.3666667
LIPMETLIN00455,15:0 PE,O=C(CCCCCCCCCCCCCC)OC[C@]([H])(COP(OCCN)(O)=O)OC(CCCCCCCCCCCCCC)=O,686.4730994,273.9
LIPMETLIN00456,24:1(2R-OH) Ceramide,CCCCCCCCCCCCC/C=C/[C@@H](O)[C@@H](NC([C@H](O)CCCCCCCCCCCC/C=C\CCCCCCCC)=O)CO,686.605747,281.2333333
LIPMETLIN00457,24:1(2S-OH) Ceramide,CCCCCCCCCCCCC/C=C/[C@@H](O)[C@@H](NC([C@@H](O)CCCCCCCCCCCC/C=C\CCCCCCCC)=O)CO,686.605747,280
LIPMETLIN00458,18:0-PhoDAG,OC[C@]([H])(OC(CCCC1=CC=C(/N=N/C2=CC=C(CCCC)C=C2)C=C1)=O)COC(CCCCCCCCCCCCCCCCC)=O,687.4707178,269.9333333
LIPMETLIN00459,24:0(2R-OH) Ceramide,CCCCCCCCCCCCC/C=C/[C@@H](O)[C@@H](NC([C@H](O)CCCCCCCCCCCCCCCCCCCCCC)=O)CO,688.6213962,281.5666667
LIPMETLIN00460,24:0(2S-OH) Ceramide,CCCCCCCCCCCCC/C=C/[C@@H](O)[C@@H](NC([C@@H](O)CCCCCCCCCCCCCCCCCCCCCC)=O)CO,688.6213962,280.1666667
LIPMETLIN00461,"14:0 BMP (S,R)",C([C@H](COP(=O)(OC[C@H](COC(=O)CCCCCCCCCCCCC)O)O)O)OC(=O)CCCCCCCCCCCCC,689.4363816,269.2
LIPMETLIN00463,N-24:0 Phytosphingosine,O[C@]([H])(CCCCCCCCCCCCCC)[C@](O)([H])[C@@]([H])(NC(CCCCCCCCCCCCCCCCCCCCCCC)=O)CO,690.6370454,283.7333333
LIPMETLIN00464,16:0 DGS,[H][C@@](COC(CCC(O)=O)=O)(OC(CCCCCCCCCCCCCCC)=O)COC(CCCCCCCCCCCCCCC)=O,691.5119116,272.9333333
LIPMETLIN00465,18:0-22:6 DG,OC[C@]([H])(OC(CC/C=C\C/C=C\C/C=C\C/C=C\C/C=C\C/C=C\CC)=O)COC(CCCCCCCCCCCCCCCCC)=O,691.5271666,274.7
LIPMETLIN00466,16:0-18:2 PA,O=C(CCCCCCCCCCCCCCC)OC[C@]([H])(COP(O)(O)=O)OC(CCCCCCC/C=C\C/C=C\CCCCC)=O,695.4622008,267.6
LIPMETLIN00467,14:1 (delta9-Trans) PC,O=C(CCCCCCC/C=C/CCCC)OC[C@]([H])(COP(OCC[N+](C)(C)C)([O-])=O)OC(CCCCCCC/C=C/CCCC)=O,696.4574502,269.0333333
LIPMETLIN00468,PC(14:1(9Z)/14:1(9Z)),[O-]P(OCC[N+](C)(C)C)(OC[C@]([H])(OC(CCCCCCC/C=C\CCCC)=O)COC(CCCCCCC/C=C\CCCC)=O)=O,696.4574502,269.0666667
LIPMETLIN00469,16:0-18:1 PA,O=C(CCCCCCCCCCCCCCC)OC[C@]([H])(COP(O)(O)=O)OC(CCCCCCC/C=C\CCCCCCCC)=O,697.47785,270.0333333
LIPMETLIN00470,14:0 SM (d18:1/14:0),[C@H]([C@@H](/C=C/CCCCCCCCCCCCC)O)(NC(=O)CCCCCCCCCCCCC)COP(=O)(OCC[N+](C)(C)C)[O-],697.5254664,281.5666667
LIPMETLIN00471,16:0 Phosphatidylethanol,[H][C@@](COP(O)(OCC)=O)(OC(CCCCCCCCCCCCCCC)=O)COC(CCCCCCCCCCCCCCC)=O,699.4934992,273.2333333
LIPMETLIN00472,14:0 PC (DMPC),P(=O)([O-])(OCC[N+](C)(C)C)OC[C@@H](COC(=O)CCCCCCCCCCCCC)OC(=O)CCCCCCCCCCCCC,700.4887486,277.5
LIPMETLIN00473,14:0 PS,O=C(CCCCCCCCCCCCC)OC[C@]([H])(COP(OC[C@](C(O)=O)([H])N)(O)=O)OC(CCCCCCCCCCCCC)=O,702.431631,270.0333333
LIPMETLIN00474,N-24:0 (2S-OH) Phytosphingosine,O[C@@H]([C@H]([C@H](CO)NC(=O)[C@H](CCCCCCCCCCCCCCCCCCCCCC)O)O)CCCCCCCCCCCCCC,706.6319604,286.77
LIPMETLIN00475,N-24:0(2R-OH) Phytosphingosine,O[C@]([H])(CCCCCCCCCCCCCC)[C@](O)([H])[C@@]([H])(NC([C@H](O)CCCCCCCCCCCCCCCCCCCCCC)=O)CO,706.6319604,285.8
LIPMETLIN00476,16:1 PE,O=C(CCCCCCC/C=C\CCCCCC)OC[C@]([H])(COP(OCCN)(O)=O)OC(CCCCCCC/C=C\CCCCCC)=O,710.4730994,271.9666667
LIPMETLIN00477,16:0-18:1 Diether PE,[O-]P(OCC[NH3+])(OC[C@]([H])(OCCCCCCCC/C=C\CCCCCCCC)COCCCCCCCCCCCCCCCC)=O,712.5615154,280.5666667
LIPMETLIN00478,16:0 Phosphatidylpropanol,[H][C@@](COP(O)(OCCC)=O)(OC(CCCCCCCCCCCCCCC)=O)COC(CCCCCCCCCCCCCCC)=O,713.5091484,277.2
LIPMETLIN00479,14:0-18:0 PE,O=P(O)(OCCN)OC[C@](COC(CCCCCCCCCCCCC)=O)([H])OC(CCCCCCCCCCCCCCCCC)=O,714.5043978,279.65
LIPMETLIN00480,16:0 PE,[H][C@@](COP([O-])(OCC[NH3+])=O)(OC(CCCCCCCCCCCCCCC)=O)COC(CCCCCCCCCCCCCCC)=O,714.5043978,279.6666667
LIPMETLIN00483,16:0-20:4 PA,O=C(CCCCCCCCCCCCCCC)OC[C@]([H])(COP(O)(O)=O)OC(CCC/C=C\C/C=C\C/C=C\C/C=C\CCCCC)=O,719.4622008,272.8
LIPMETLIN00484,18:2 PA,O=C(CCCCCCC/C=C\C/C=C\CCCCC)OC[C@]([H])(COP(O)(O)=O)OC(CCCCCCC/C=C\C/C=C\CCCCC)=O,719.4622008,267.8666667
LIPMETLIN00485,C16 Galactosyl(?) Ceramide (d18:1/16:0),[H][C@]([C@@]([H])(/C=C/CCCCCCCCCCCCC)O)(NC(CCCCCCCCCCCCCCC)=O)CO[C@@H](O1)[C@H](O)[C@@H](O)[C@H]([C@H]1CO)O,722.5541086,279.4
LIPMETLIN00486,18:0-18:2 PA,O=C(CCCCCCCCCCCCCCCCC)OC[C@]([H])(COP(O)(O)=O)OC(CCCCCCC/C=C\C/C=C\CCCCC)=O,723.4934992,275.2666667
LIPMETLIN00487,16:1 SM (d18:1/16:1(9Z)),[H][C@](NC(CCCCCCC/C=C\CCCCCC)=O)(COP(OCC[N+](C)(C)C)([O-])=O)[C@@](O)([H])/C=C/CCCCCCCCCCCCC,723.5411156,281.3333333
LIPMETLIN00489,C16 Galactosyl (a) Dihydroceramide (d18:0/16:0),[H][C@]([C@@]([H])(CCCCCCCCCCCCCCC)O)(NC(CCCCCCCCCCCCCCC)=O)CO[C@@H](O1)[C@H](O)[C@@H](O)[C@H]([C@H]1CO)O,724.5697578,281.6333333
LIPMETLIN00490,C16 Galactosyl (B) Dihydroceramide (d18:0/16:0),[C@H]([C@@H](CCCCCCCCCCCCCCC)O)(NC(=O)CCCCCCCCCCCCCCC)CO[C@@H]1O[C@@H]([C@@H](C(C1O)O)O)CO,724.5697578,281.243
LIPMETLIN00491,16:0-18:1 Phosphatidylethanol-IsoPure,[H][C@@](COP(O)(OCC)=O)(OC(CCCCCCC/C=C\CCCCCCCC)=O)COC(CCCCCCCCCCCCCCC)=O,725.5091484,276.2666667
LIPMETLIN00492,18:1-16:0 Phosphatidylethanol-IsoPure,[H][C@@](COP(O)(OCC)=O)(OC(CCCCCCCCCCCCCCC)=O)COC(CCCCCCC/C=C\CCCCCCCC)=O,725.5091484,279.0333333
LIPMETLIN00493,16:0 SM (d18:1/16:0),[H][C@](NC(CCCCCCCCCCCCCCC)=O)(COP(OCC[N+](C)(C)C)([O-])=O)[C@@](O)([H])/C=C/CCCCCCCCCCCCC,725.5567648,286.9
LIPMETLIN00494,15:0-18:1 PE,[O-]P(OCC[NH3+])(OC[C@]([H])(OC(CCCCCCC/C=C\CCCCCCCC)=O)COC(CCCCCCCCCCCCCC)=O)=O,726.5043978,279
LIPMETLIN00495,16:0-17:0 cyclo PE,[O-]P(OCC[NH3+])(OC[C@]([H])(OC(CCCCCCCC1C(C1)CCCCCC)=O)COC(CCCCCCCCCCCCCCC)=O)=O,726.5043978,280.1333333
LIPMETLIN00496,C16-18:1 PE,[H][C@](OC(CCCCCCC/C=C\CCCCCCCC)=O)(COP(OCCN)(O)=O)COCCCCCCCCCCCCCCCC,726.5407812,282.7333333
LIPMETLIN00497,16:0 Phosphatidylbutanol,[H][C@@](COP(O)(OCCCC)=O)(OC(CCCCCCCCCCCCCCC)=O)COC(CCCCCCCCCCCCCCC)=O,727.5247976,280.5333333
LIPMETLIN00498,18:0 PA,[C@H](COC(=O)CCCCCCCCCCCCCCCCC)(OC(=O)CCCCCCCCCCCCCCCCC)COP(=O)(O)O,727.5247976,279.6
LIPMETLIN00499,14:0-d27-14:0 PC,[O-]P(OCC[N+](C)(C)C)(OC[C@]([H])(OC(CCCCCCCCCCCCC)=O)COC(C([2H])([2H])C([2H])([2H])C([2H])([2H])C([2H])([2H])C([2H])([2H])C([2H])([2H])C([2H])([2H])C([2H])([2H])C([2H])([2H])C([2H])([2H])C([2H])([2H])C([2H])([2H])C([2H])([2H])[2H])=O)=O,727.6554844,279.8666667
LIPMETLIN00501,14:0-16:0 PC,[O-]P(OCC[N+](C)(C)C)(OC[C@]([H])(OC(CCCCCCCCCCCCCCC)=O)COC(CCCCCCCCCCCCC)=O)=O,728.520047,283.8333333
LIPMETLIN00502,15:0 PC,P(=O)([O-])(OCC[N+](C)(C)C)OC[C@@H](COC(=O)CCCCCCCCCCCCCC)OC(=O)CCCCCCCCCCCCCC,728.520047,283.2
LIPMETLIN00503,16:0 Monomethyl PE,O=C(CCCCCCCCCCCCCCC)OC[C@]([H])(COP(OCCNC)(O)=O)OC(CCCCCCCCCCCCCCC)=O,728.520047,280.5
LIPMETLIN00504,16:0-14:0 PC,P(=O)([O-])(OCC[N+](C)(C)C)OC[C@@H](COC(=O)CCCCCCCCCCCCCCC)OC(=O)CCCCCCCCCCCCC,728.520047,283.7333333
LIPMETLIN00505,16:0 Diether PC,[C@H](COCCCCCCCCCCCCCCCC)(OCCCCCCCCCCCCCCCC)COP(=O)(OCC[N+](C)(C)C)[O-],728.5928138,286.9333333
LIPMETLIN00506,14:0-14:0(COOH) PC,[O-]P(OCC[N+](C)(C)C)(OC[C@]([H])(OC(CCCCCCCCCCCCC(O)=O)=O)COC(CCCCCCCCCCCCC)=O)=O,730.4629294,275.6666667
LIPMETLIN00507,Chol-C10-PC,CC(CCC[C@@H](C)[C@@](CC[C@]1([C@](CC=C2C[C@](CC[C@]32C)(OCCCCCCCCCCOP([O-])(OCC[N+](C)(C)C)=O)[H])4[H])[H])([C@]1(CC[C@@]43[H])C)[H])C,730.5509512,301.0333333
LIPMETLIN00508,16:0 Ptd Thioethanol,[H][C@@](COP(O)(OCCS)=O)(OC(CCCCCCCCCCCCCCC)=O)COC(CCCCCCCCCCCCCCC)=O,731.4655712,278.2666667
LIPMETLIN00509,DGTS,C([C@H](COCCC(C(=O)[O-])[N+](C)(C)C)OC(=O)CCCCCCCCCCCCCCC)OC(=O)CCCCCCCCCCCCCCC,734.590492,287.9
LIPMETLIN00510,16:0(alkyne)-18:1 PE,[O-]P(OCC[NH3+])(OC[C@]([H])(OC(CCCCCCC/C=C\CCCCCCCC)=O)COC(CCCCCCCCCCCCCC#C)=O)=O,736.4887486,277.3666667
LIPMETLIN00511,C17 Glucosyl(beta) Ceramide (d18:1/17:0),C([C@@H]([C@@H](/C=C/CCCCCCCCCCCCC)O)NC(=O)CCCCCCCCCCCCCCCC)O[C@@H]1O[C@@H]([C@H](C(C1O)O)O)CO,736.5697578,283.4
LIPMETLIN00512,18:1 Phosphatidylmethanol,[H][C@@](COP(O)(OC)=O)(OC(CCCCCCC/C=C\CCCCCCCC)=O)COC(CCCCCCC/C=C\CCCCCCCC)=O,737.5091484,275.4666667
LIPMETLIN00513,17:0 SM (d18:1/17:0),[H][C@](NC(CCCCCCCCCCCCCCCC)=O)(COP(OCC[N+](C)(C)C)([O-])=O)[C@@](O)([H])/C=C/CCCCCCCCCCCCC,739.572414,289.7
LIPMETLIN00514,16:0-18:1 PE,[C@H](COP(=O)(OCCN)O)(COC(=O)CCCCCCCCCCCCCCC)OC(=O)CCCCCCC/C=C\CCCCCCCC,740.520047,282.6
LIPMETLIN00515,16:0 Dimethyl PE,O=C(CCCCCCCCCCCCCCC)OC[C@]([H])(COP(OCCN(C)C)(O)=O)OC(CCCCCCCCCCCCCCC)=O,742.5356962,286.1
LIPMETLIN00516,16:0-a15:0 PC,[O-]P(OCC[N+](C)(C)C)(OC[C@]([H])(OC(CCCCCCCCCC[C@H](C)CC)=O)COC(CCCCCCCCCCCCCCC)=O)=O,742.5356962,286.6
LIPMETLIN00517,16:0-i15:0 PC,[O-]P(OCC[N+](C)(C)C)(OC[C@]([H])(OC(CCCCCCCCCCCC(C)C)=O)COC(CCCCCCCCCCCCCCC)=O)=O,742.5356962,286.4333333
LIPMETLIN00518,17:0 PE,O=C(CCCCCCCCCCCCCCCC)OC[C@]([H])(COP(OCCN)(O)=O)OC(CCCCCCCCCCCCCCCC)=O,742.5356962,285.3
LIPMETLIN00519,16:0-22:6 PA,O=C(CCCCCCCCCCCCCCC)OC[C@]([H])(COP(O)(O)=O)OC(CC/C=C\C/C=C\C/C=C\C/C=C\C/C=C\C/C=C\CC)=O,743.4622008,275.2666667
LIPMETLIN00520,16:0 DG Galloyl,[H][C@@](COC(C1=CC(O)=C(O)C(O)=C1)=O)(OC(CCCCCCCCCCCCCCC)=O)COC(CCCCCCCCCCCCCCC)=O,743.5068266,278.1333333
LIPMETLIN00521,18:1 DGS,[H][C@@](COC(CCC(O)=O)=O)(OC(CCCCCCC/C=C\CCCCCCCC)=O)COC(CCCCCCC/C=C\CCCCCCCC)=O,743.54321,279.5333333
LIPMETLIN00522,16:0-18:1 Diether PG,OP(OCC(O)CO)(OC[C@]([H])(OCCCCCCCC/C=C\CCCCCCCC)COCCCCCCCCCCCCCCCC)=O,743.556096,284.2666667
LIPMETLIN00523,C12 Mono-Sulfo Galactosyl(ß) Ceramide  (d18:1/12:0),[H][C@](/C=C/CCCCCCCCCCCCC)(O)[C@@]([H])(NC(CCCCCCCCCCC)=O)CO[C@H](O1)[C@H](O)[C@@H](OS(O)(=O)=O)[C@H]([C@H]1CO)O,746.4483288,278.8
LIPMETLIN00524,18:0-20:4 PA,CCCCC/C=CC/C=CC/C=CC/C=CCCCC(=O)O[C@H](COC(=O)CCCCCCCCCCCCCCCCC)COP(=O)(O)O,747.4934992,279.6333333
LIPMETLIN00525,C18:1 Galactosyl(b) Ceramide (d18:1/18:1(9Z)),[H][C@](/C=C/CCCCCCCCCCCCC)(O)[C@@]([H])(NC(CCCCCCC/C=C\CCCCCCCC)=O)CO[C@H](O1)[C@H](O)[C@@H](O)[C@@H](O)[C@H]1CO,748.5697578,281.8333333
LIPMETLIN00526,C18:1 Glucosyl(b) Ceramide (d18:1/18:1(9Z)),[H][C@](/C=C/CCCCCCCCCCCCC)(O)[C@@]([H])(NC(CCCCCCC/C=C\CCCCCCCC)=O)CO[C@H](O1)[C@H](O)[C@@H](O)[C@@H]([C@H]1CO)O,748.5697578,282.4
LIPMETLIN00527,CoQ8,C1(=C(C(=O)C(=C(C1=O)C)C/C=C(/CC/C=C(/CC/C=C(/CC/C=C(/CC/C=C(/CC/C=C(/CC/C=C(/CCC=C(C)C)\C)\C)\C)\C)\C)\C)\C)OC)OC,749.5479008,274.7
LIPMETLIN00528,16:0 propargyl SM (d18:1-16:0),CCCCCCCCCCCCC/C=C/[C@@H](O)[C@@H](NC(CCCCCCCCCCCCCCC)=O)COP([O-])(OCC[N+](C)(CC#C)C)=O,749.5567648,290.2666667
LIPMETLIN00529,C18 Galactosyl(b) Ceramide (d18:1/18:0),C([C@@H]([C@@H](/C=C/CCCCCCCCCCCCC)O)NC(=O)CCCCCCCCCCCCCCCCC)O[C@@H]1O[C@@H]([C@@H](C(C1O)O)O)CO,750.585407,286.2666667
LIPMETLIN00530,C18 Glucosyl(ß) Ceramide (d18:1/18:0),[H][C@](NC(CCCCCCCCCCCCCCCCC)=O)(CO[C@H]1[C@H](O)[C@@H](O)[C@@H]([C@@H](CO)O1)O)[C@@](O)([H])/C=C/CCCCCCCCCCCCC,750.585407,286.3333333
LIPMETLIN00531,18:1 Phosphatidylethanol,[H][C@@](COP(O)(OCC)=O)(OC(CCCCCCC/C=C\CCCCCCCC)=O)COC(CCCCCCC/C=C\CCCCCCCC)=O,751.5247976,279.1333333
LIPMETLIN00532,18:1 SM (d18:1/18:1(9Z)),[H][C@](NC(CCCCCCC/C=C\CCCCCCCC)=O)(COP(OCC[N+](C)(C)C)([O-])=O)[C@@](O)([H])/C=C/CCCCCCCCCCCCC,751.572414,288.0666667
LIPMETLIN00533,C18(Plasm)-18:1 PE,[O-]P(OCC[NH3+])(OC[C@]([H])(OC(CCCCCCC/C=C\CCCCCCCC)=O)CO/C=C\CCCCCCCCCCCCCCCC)=O,752.5564304,286.025
LIPMETLIN00534,18:0 SM (d18:1/18:0),[H][C@](/C=C/CCCCCCCCCCCCC)(O)[C@@]([H])(NC(CCCCCCCCCCCCCCCCC)=O)COP([O-])(OCC[N+](C)(C)C)=O,753.5880632,292.175
LIPMETLIN00535,18:1-14:0 PC,[O-]P(OCC[N+](C)(C)C)(OC[C@]([H])(OC(CCCCCCCCCCCCC)=O)COC(CCCCCCC/C=C\CCCCCCCC)=O)=O,754.5356962,285.9
LIPMETLIN00536,16:0-18:1 Diether PC,P(=O)([O-])(OCC[N+](C)(C)C)OC[C@@H](COCCCCCCCCCCCCCCCC)OCCCCCCCC/C=C\CCCCCCCC,754.608463,285.9333333
LIPMETLIN00537,14:0-18:0 PC,[O-]P(OCC[N+](C)(C)C)(OC[C@]([H])(OC(CCCCCCCCCCCCCCCCC)=O)COC(CCCCCCCCCCCCC)=O)=O,756.5513454,289.5666667
LIPMETLIN00538,16:0 2-PC,[O-]P(OCC[N+](C)(C)C)(OC(COC(CCCCCCCCCCCCCCC)=O)COC(CCCCCCCCCCCCCCC)=O)=O,756.5513454,289.2
LIPMETLIN00539,16:0 PC (DPPC),CCCCCCCCCCCCCCCC(OC[C@H](OC(CCCCCCCCCCCCCCC)=O)COP([O-])(OCC[N+](C)(C)C)=O)=O,756.5513454,289.3
LIPMETLIN00540,16:0 PC (DPPC),CCCCCCCCCCCCCCCC(OC[C@H](OC(CCCCCCCCCCCCCCC)=O)COP([O-])(OCC[N+](C)(C)C)=O)=O,756.5513454,289.3
LIPMETLIN00543,18:3 PE,[H][C@@](COP([O-])(OCC[NH3+])=O)(OC(CCCCCCC/C=C\C/C=C\C/C=C\CC)=O)COC(CCCCCCC/C=C\C/C=C\C/C=C\CC)=O,758.4730994,272.8
LIPMETLIN00544,16:0 PS,[H][C@@](COP(O)(OC[C@](C([O-])=O)([H])[NH3+])=O)(OC(CCCCCCCCCCCCCCC)=O)COC(CCCCCCCCCCCCCCC)=O,758.4942278,282.9666667
LIPMETLIN00545,16:0-20:4 PE,O=C(CCCCCCCCCCCCCCC)OC[C@]([H])(COP(OCCN)(O)=O)OC(CCC/C=C\C/C=C\C/C=C\C/C=C\CCCCC)=O,762.5043978,281.1
LIPMETLIN00546,18:2 PE,O=C(CCCCCCC/C=C\C/C=C\CCCCC)OC[C@]([H])(COP(OCCN)(O)=O)OC(CCCCCCC/C=C\C/C=C\CCCCC)=O,762.5043978,279.2
LIPMETLIN00547,18:1 Phosphatidylpropanol,[H][C@@](COP(O)(OCCC)=O)(OC(CCCCCCC/C=C\CCCCCCCC)=O)COC(CCCCCCC/C=C\CCCCCCCC)=O,765.5404468,283.5666667
LIPMETLIN00548,18:0-18:2 PE,O=C(CCCCCCCCCCCCCCCCC)OC[C@]([H])(COP(OCCN)(O)=O)OC(CCCCCCC/C=C\C/C=C\CCCCC)=O,766.5356962,285.8333333
LIPMETLIN00549,18:1 (delta9-Trans) PE,O=C(CCCCCCC/C=C/CCCCCCCC)OC[C@]([H])(COP(OCCN)(O)=O)OC(CCCCCCC/C=C/CCCCCCCC)=O,766.5356962,286.95
LIPMETLIN00550,PE(18:1(9Z)/18:1(9Z)),O=C(CCCCCCC/C=C\CCCCCCCC)OC[C@]([H])(COP(OCCN)(O)=O)OC(CCCCCCC/C=C\CCCCCCCC)=O,766.5356962,285.6333333
LIPMETLIN00551,PE(18:1(9Z)/18:1(9Z)),O=C(CCCCCCC/C=C\CCCCCCCC)OC[C@]([H])(COP(OCCN)(O)=O)OC(CCCCCCC/C=C\CCCCCCCC)=O,766.5356962,285.6333333
LIPMETLIN00552,C18(2R-OH) Galactosyl(beta) Ceramide,[H][C@](/C=C/CCCCCCCCCCCCC)(O)[C@@]([H])(NC([C@H](O)CCCCCCCCCCCCCCCC)=O)CO[C@H](O1)[C@H](O)[C@@H](O)[C@H]([C@H]1CO)O,766.580322,289.1
LIPMETLIN00553,C18(2S-OH) Galactosyl(b) Ceramide,[H][C@](/C=C/CCCCCCCCCCCCC)(O)[C@@]([H])(NC([C@@H](O)CCCCCCCCCCCCCCCC)=O)CO[C@H](O1)[C@H](O)[C@@H](O)[C@H]([C@H]1CO)O,766.580322,288.7666667
LIPMETLIN00554,20:4 PA,O=C(CCC/C=C\C/C=C\C/C=C\C/C=C\CCCCC)OC[C@]([H])(COP(O)(O)=O)OC(CCC/C=C\C/C=C\C/C=C\C/C=C\CCCCC)=O,767.4622008,275.5333333
LIPMETLIN00556,15:0-18:1 PC,[O-]P(OCC[N+](C)(C)C)(OC[C@]([H])(OC(CCCCCCC/C=C\CCCCCCCC)=O)COC(CCCCCCCCCCCCCC)=O)=O,768.5513454,289
LIPMETLIN00557,16:0-17:0 cyclo PC,[O-]P(OCC[N+](C)(C)C)(OC[C@]([H])(OC(CCCCCCCC1C(C1)CCCCCC)=O)COC(CCCCCCCCCCCCCCC)=O)=O,768.5513454,289.9666667
LIPMETLIN00558,18:0-18:1 PE,[H][C@@](COP([O-])(OCC[NH3+])=O)(OC(CCCCCCC/C=C\CCCCCCCC)=O)COC(CCCCCCCCCCCCCCCCC)=O,768.5513454,288.8666667
LIPMETLIN00559,C16-18:1 PC,[H][C@](OC(CCCCCCC/C=C\CCCCCCCC)=O)(COP(OCC[N+](C)(C)C)([O-])=O)COCCCCCCCCCCCCCCCC,768.5877288,292.4333333
LIPMETLIN00560,16:0-18:2 PG,O=P(O)(OC[C@@]([H])(O)CO)OC[C@@](OC(CCCCCCC/C=C\C/C=C\CCCCC)=O)([H])COC(CCCCCCCCCCCCCCC)=O,769.4989784,281.3
LIPMETLIN00561,15:0-18:1 PS,O=C(CCCCCCCCCCCCCC)OC[C@]([H])(COP(OC[C@](C(O)=O)([H])N)(O)=O)OC(CCCCCCC/C=C\CCCCCCCC)=O,770.4942278,280.3666667
LIPMETLIN00562,18:0 PE,O=C(CCCCCCCCCCCCCCCCC)OC[C@]([H])(COP(OCCN)(O)=O)OC(CCCCCCCCCCCCCCCCC)=O,770.5669946,291.2666667
LIPMETLIN00563,18:0-22:6 PA,O=C(CCCCCCCCCCCCCCCCC)OC[C@]([H])(COP(O)(O)=O)OC(CC/C=C\C/C=C\C/C=C\C/C=C\C/C=C\C/C=C\CC)=O,771.4934992,282.1
LIPMETLIN00565,C8 Lactosyl(b) Ceramide (d18:1/8:0),[H][C@](/C=C/CCCCCCCCCCCCC)(O)[C@@]([H])(NC(CCCCCCC)=O)CO[C@H](O1)[C@H](O)[C@@H](O)[C@@H]([C@H]1CO)O[C@H](O2)[C@H](O)[C@@H](O)[C@H]([C@H]2CO)O,772.481736,279.0666667
LIPMETLIN00566,C8 L-threo-Lactosyl(ß) Ceramide (d18:1/8:0),CCCCCCCCCCCCC/C=C/[C@@](O)([H])[C@@]([H])(NC(CCCCCCC)=O)CO[C@H](O1)[C@H](O)[C@@H](O)[C@@H]([C@H]1CO)O[C@H](O2)[C@H](O)[C@@H](O)[C@H]([C@H]2CO)O,772.481736,276.2333333
LIPMETLIN00567,17:0 PG,[H][C@@](CO)(O)COP(OC[C@]([H])(OC(CCCCCCCCCCCCCCCC)=O)COC(CCCCCCCCCCCCCCCC)=O)(O)=O,773.5302768,289.9
LIPMETLIN00568,C18(Plasm)-20:4 PE,CCCCC/C=C\C/C=C\C/C=C\C/C=C\CCCC(OC[C@@H](O/C=C\CCCCCCCCCCCCCCCC)COP(O)(OCCN)=O)=O,774.5407812,288.45
LIPMETLIN00569,16:0-16:0 (16-F) PC,[O-]P(OCC[N+](C)(C)C)(OC[C@]([H])(OC(CCCCCCCCCCCCCCC([H])([H])F)=O)COC(CCCCCCCCCCCCCCC)=O)=O,774.541924,285.5
LIPMETLIN00570,16:0(alkyne)-18:1 PC,P(=O)([O-])(OCC[N+](C)(C)C)OC[C@@H](COC(=O)CCCCCCCCCCCCCC#C)OC(=O)CCCCCCC/C=C\CCCCCCCC,778.5356962,285.0333333
LIPMETLIN00571,18:1 Phosphatidylbutanol,[H][C@@](COP(O)(OCCCC)=O)(OC(CCCCCCC/C=C\CCCCCCCC)=O)COC(CCCCCCC/C=C\CCCCCCCC)=O,779.556096,287.3666667
LIPMETLIN00572,16:0-18:1 DG glucose,[H][C@](COC(CCCCCCCCCCCCCCC)=O)(OC(CCCCCCC/C=C\CCCCCCCC)=O)CO[C@H](O1)[C@H](O)[C@@H](O)[C@@H]([C@H]1CO)O,779.5643384,288.4
LIPMETLIN00573,BbGL-2,O[C@H]1[C@@H](O)[C@@H](CO)O[C@H](OC[C@H](OC(CCCCCCCCCCCCCCC)=O)COC(CCCCCCC/C=C\CCCCCCCC)=O)[C@@H]1O,779.5643384,288.4333333
LIPMETLIN00574,MGlc-DAG,[H][C@@](CO[C@@H](O1)[C@H](O)[C@@H](O)[C@@H]([C@H]1CO)O)(OC(CCCCCCC/C=C\CCCCCCCC)=O)COC(CCCCCCCCCCCCCCC)=O,779.5643384,286.8666667
LIPMETLIN00575,16:0-18:2 PC,[O-]P(OCC[N+](C)(C)C)(OC[C@]([H])(OC(CCCCCCC/C=C\C/C=C\CCCCC)=O)COC(CCCCCCCCCCCCCCC)=O)=O,780.5513454,288.2
LIPMETLIN00576,18:1 Monomethyl PE,C([C@H](COP(=O)([O-])OCC[NH2+]C)OC(=O)CCCCCCC/C=C\CCCCCCCC)OC(=O)CCCCCCC/C=C\CCCCCCCC,780.5513454,288.1666667
LIPMETLIN00578,18:1 Diether PC,[O-]P(OCC[N+](C)(C)C)(OC[C@]([H])(OCCCCCCCC/C=C\CCCCCCCC)COCCCCCCCC/C=C\CCCCCCCC)=O,780.6241122,291.7333333
LIPMETLIN00579,Hydrogenated MGDG,C([C@@H](COC(=O)CCCCCCCCCCCCCCCCC)OC(=O)CCCCCCCCCCCCCCC)O[C@@H]1O[C@@H]([C@@H](C(C1O)O)O)CO,781.5799876,293.002
LIPMETLIN00580,16:0-18:2 PS,O=C(CCCCCCCCCCCCCCC)OC[C@]([H])(COP(OC[C@](C(O)=O)([H])N)(O)=O)OC(CCCCCCC/C=C\C/C=C\CCCCC)=O,782.4942278,282
LIPMETLIN00581,16:0-18:1 PC,P(=O)([O-])(OCC[N+](C)(C)C)OC[C@@H](COC(=O)CCCCCCC/C=C\CCCCCCCC)OC(=O)CCCCCCCCCCCCCCC,782.5669946,290.4333333
LIPMETLIN00582,18:1(n10)-16:0 PC,[O-]P(OCC[N+](C)(C)C)(OC[C@]([H])(OC(CCCCCCCCCCCCCCC)=O)COC(CCCCCC/C=C\CCCCCCCCC)=O)=O,782.5669946,292.8333333
LIPMETLIN00583,16:0-18:1 PC,P(=O)([O-])(OCC[N+](C)(C)C)OC[C@@H](COC(=O)CCCCCCC/C=C\CCCCCCCC)OC(=O)CCCCCCCCCCCCCCC,782.5669946,290.4333333
LIPMETLIN00585,16:0-18:1 PS (POPS),O=C(CCCCCCCCCCCCCCC)OC[C@]([H])(COP(OC[C@](C(O)=O)([H])N)(O)=O)OC(CCCCCCC/C=C\CCCCCCCC)=O,784.509877,283.7
LIPMETLIN00586,16:0-18:0 PC,P(=O)([O-])(OCC[N+](C)(C)C)OC[C@@H](COC(=O)CCCCCCCCCCCCCCC)OC(=O)CCCCCCCCCCCCCCCCC,784.5826438,295
LIPMETLIN00587,17:0 PC,[C@H](COC(=O)CCCCCCCCCCCCCCCC)(OC(=O)CCCCCCCCCCCCCCCC)COP(=O)(OCC[N+](C)(C)C)[O-],784.5826438,296.17
LIPMETLIN00589,18:0 Diether PC,[O-]P(OCC[N+](C)(C)C)(OC[C@]([H])(OCCCCCCCCCCCCCCCCCC)COCCCCCCCCCCCCCCCCCC)=O,784.6554106,298.8333333
LIPMETLIN00590,C6(6-azido) LacCer,C([C@@H]([C@@H](/C=C/CCCCCCCCCCCCC)O)NC(=O)CCCCCN=[N+]=[N-])O[C@@H]1O[C@@H]([C@H](C(C1O)O)O[C@@H]1O[C@@H]([C@@H](C(C1O)O)O)CO)CO,785.451835,273.9
LIPMETLIN00591,17:0 PS,O=C(CCCCCCCCCCCCCCCC)OC[C@]([H])(COP(OC[C@](C(O)=O)([H])N)(O)=O)OC(CCCCCCCCCCCCCCCC)=O,786.5255262,289.4666667
LIPMETLIN00593,18:0-20:4 PE,O=C(CCCCCCCCCCCCCCCCC)OC[C@]([H])(COP(OCCN)(O)=O)OC(CCC/C=C\C/C=C\C/C=C\C/C=C\CCCCC)=O,790.5356962,289.9333333
LIPMETLIN00594,16:0-20:4 PG,O=C(CCCCCCCCCCCCCCC)OC[C@@]([H])(OC(CCC/C=C\C/C=C\C/C=C\C/C=C\CCCCC)=O)COP(OC[C@](O)([H])CO)(O)=O,793.4989784,284.8333333
LIPMETLIN00596,18:1 Dimethyl PE,[H][C@@](COP([O-])(OCC[N+](C)(C)[H])=O)(OC(CCCCCCC/C=C\CCCCCCCC)=O)COC(CCCCCCC/C=C\CCCCCCCC)=O,794.5669946,293.9
LIPMETLIN00597,C18(Plasm)-18:1 PC,[H][C@](OC(CCCCCCC/C=C\CCCCCCCC)=O)(COP(OCC[N+](C)(C)C)([O-])=O)CO/C=C\CCCCCCCCCCCCCCCC,794.603378,296.2666667
LIPMETLIN00598,24:0 CPE (d18:1/24:0),[H][C@](/C=C/CCCCCCCCCCCCC)(O)[C@@]([H])(NC(CCCCCCCCCCCCCCCCCCCCCCC)=O)COP([O-])(OCC[NH3+])=O,795.6350108,300.8666667
LIPMETLIN00599,MGDG,C([C@@H](COC(=O)CCCCCCC/C=C\C/C=C\C/C=C\CC)OC(=O)CCCCCCC/C=C\C/C=C\C/C=C\CC)O[C@@H]1O[C@@H]([C@@H](C(C1O)O)O)CO,797.5173908,280.556
LIPMETLIN00600,18:0-18:2 PG,[H][C@@](COP(O)(OCC(O)CO)=O)(OC(CCCCCCC/C=C\C/C=C\CCCCC)=O)COC(CCCCCCCCCCCCCCCCC)=O,797.5302768,287.1
LIPMETLIN00602,"18:1 BMP (R,R)",[H][C@@](COP(OC[C@]([H])(O)COC(CCCCCCC/C=C\CCCCCCCC)=O)(O)=O)(O)COC(CCCCCCC/C=C\CCCCCCCC)=O,797.5302768,287.0333333
LIPMETLIN00603,"18:1 BMP (S,R)",[H][C@@](COP(OC[C@@]([H])(O)COC(CCCCCCC/C=C\CCCCCCCC)=O)(O)=O)(O)COC(CCCCCCC/C=C\CCCCCCCC)=O,797.5302768,286.9666667
LIPMETLIN00604,"18:1 BMP (S,S)",[H][C@](COP(OC[C@@]([H])(O)COC(CCCCCCC/C=C\CCCCCCCC)=O)(O)=O)(O)COC(CCCCCCC/C=C\CCCCCCCC)=O,797.5302768,286.9333333
LIPMETLIN00606,C18(Plasm)-22:6 PE,[H][C@@](COP([O-])(OCC[NH3+])=O)(OC(CC/C=C\C/C=C\C/C=C\C/C=C\C/C=C\C/C=C\CC)=O)CO/C=C\CCCCCCCCCCCCCCCC,798.5407812,291.8
LIPMETLIN00607,4ME 16:0 Diether PE,[H][C@@](COP([O-])(OCC[NH3+])=O)(OCCC(C)CCCC(C)CCCC(C)CCCC(C)C)COCCC(C)CCCC(C)CCCC(C)CCCC(C)C,798.6710598,298.1
LIPMETLIN00609,18:3 PC,[O-]P(OCC[N+](C)(C)C)(OC[C@]([H])(OC(CCCCCCC/C=C\C/C=C\C/C=C\CC)=O)COC(CCCCCCC/C=C\C/C=C\C/C=C\CC)=O)=O,800.520047,284.2
LIPMETLIN00610,18:0 PG,O=C(CCCCCCCCCCCCCCCCC)OC[C@@]([H])(OC(CCCCCCCCCCCCCCCCC)=O)COP(OC[C@](O)([H])CO)(O)=O,801.5615752,295.4
LIPMETLIN00611,16:0-20:4 PC,O=C(CCCCCCCCCCCCCCC)OC[C@]([H])(COP(OCC[N+](C)(C)C)([O-])=O)OC(CCC/C=C\C/C=C\C/C=C\C/C=C\CCCCC)=O,804.5513454,292.7333333
LIPMETLIN00612,18:2 (Cis) PC (DLPC),[O-]P(OCC[N+](C)(C)C)(OC[C@]([H])(OC(CCCCCCC/C=C\C/C=C\CCCCC)=O)COC(CCCCCCC/C=C\C/C=C\CCCCC)=O)=O,804.5513454,288.5
LIPMETLIN00613,18:2 (Cis) PC (DLPC),[O-]P(OCC[N+](C)(C)C)(OC[C@]([H])(OC(CCCCCCC/C=C\C/C=C\CCCCC)=O)COC(CCCCCCC/C=C\C/C=C\CCCCC)=O)=O,804.5513454,288.5
LIPMETLIN00614,16:0-20:4 PS,O=C(CCCCCCCCCCCCCCC)OC[C@]([H])(COP(OC[C@](C(O)=O)([H])N)(O)=O)OC(CCC/C=C\C/C=C\C/C=C\C/C=C\CCCCC)=O,806.4942278,286.4666667
LIPMETLIN00615,18:2 PS,O=C(CCCCCCC/C=C\C/C=C\CCCCC)OC[C@]([H])(COP(OC[C@](C(O)=O)([H])N)(O)=O)OC(CCCCCCC/C=C\C/C=C\CCCCC)=O,806.4942278,282.5333333
LIPMETLIN00616,Lyso GB3 (synthetic),O[C@H]1[C@H](OC[C@H](N)[C@H](O)/C=C/CCCCCCCCCCCCC)O[C@H](CO)[C@@H](O[C@@H]2O[C@H](CO)[C@@H]([C@H](O)[C@H]2O)O[C@H]3O[C@H](CO)[C@@H]([C@H](O)[C@H]3O)O)[C@@H]1O,808.4300976,274.7
LIPMETLIN00617,Lyso iGB3 (synthetic),[C@@H]1(C([C@@H]([C@@H](OC1CO)OC[C@@H]([C@@H](/C=C/CCCCCCCCCCCCC)O)N)O)O)O[C@H]1[C@H](C([C@H](C(O1)CO)O)O[C@@H]1[C@H](C([C@H](C(O1)CO)O)O)O)O,808.4300976,271.4
LIPMETLIN00618,16:0 hexynoyl PE,[H][C@@](COP(O)(OCCN([H])C(CCCC#C)=O)=O)(OC(CCCCCCCCCCCCCCC)=O)COC(CCCCCCCCCCCCCCC)=O,808.5462604,295.1
LIPMETLIN00619,18:0-18:2 PC,[O-]P(OCC[N+](C)(C)C)(OC[C@]([H])(OC(CCCCCCC/C=C\C/C=C\CCCCC)=O)COC(CCCCCCCCCCCCCCCCC)=O)=O,808.5826438,295.4666667
LIPMETLIN00620,18:1 (8-cis) PC,P(=O)([O-])(OCC[N+](C)(C)C)OC[C@@H](COC(=O)CCCCCC/C=C\CCCCCCCCC)OC(=O)CCCCCC/C=C\CCCCCCCCC,808.5826438,293.9
LIPMETLIN00621,18:1 (?9-Cis) PC (DOPC),[O-]P(OCC[N+](C)(C)C)(OC[C@]([H])(OC(CCCCCCC/C=C\CCCCCCCC)=O)COC(CCCCCCC/C=C\CCCCCCCC)=O)=O,808.5826438,295.8666667
LIPMETLIN00622,18:1 (delta6-Cis) PC,[C@H](COC(=O)CCCC/C=C\CCCCCCCCCCC)(OC(=O)CCCC/C=C\CCCCCCCCCCC)COP(=O)(OCC[N+](C)(C)C)[O-],808.5826438,298.43
LIPMETLIN00623,PC(18:1(9E)/18:1(9E)),[O-]P(OCC[N+](C)(C)C)(OC[C@]([H])(OC(CCCCCCC/C=C/CCCCCCCC)=O)COC(CCCCCCC/C=C/CCCCCCCC)=O)=O,808.5826438,296.5333333
LIPMETLIN00624,18:1 PC,O=C(CCCCCCC/C=C\CCCCCCCC)OC[C@]([H])(COP(OCC[N+](C)(C)C)([O-])=O)OC(CCCCCCC/C=C\CCCCCCCC)=O,808.5826438,295.4
LIPMETLIN00625,18:1(11-cis) PC,[O-]P(OCC[N+](C)(C)C)(OC[C@]([H])(OC(CCCCCCCCC/C=C\CCCCCC)=O)COC(CCCCCCCCC/C=C\CCCCCC)=O)=O,808.5826438,294.3666667
LIPMETLIN00626,PC(18:1(9E)/18:1(9E)),[O-]P(OCC[N+](C)(C)C)(OC[C@]([H])(OC(CCCCCCC/C=C/CCCCCCCC)=O)COC(CCCCCCC/C=C/CCCCCCCC)=O)=O,808.5826438,296.5333333
LIPMETLIN00627,BbGL-1,C[C@H](CCCC(C)C)[C@H]1CCC2C3CC=C4C[C@@H](O[C@@H]5O[C@H](COC(CCCCCCCCCCCCCCC)=O)[C@H](O)[C@H](O)[C@H]5O)CC[C@]4(C)C3CC[C@]12C,809.626541,309.4666667
LIPMETLIN00628,20:4 PE,C([C@H](COP(=O)([O-])OCC[NH3+])OC(=O)CCC/C=C\C/C=C\C/C=C\C/C=C\CCCCC)OC(=O)CCC/C=C\C/C=C\C/C=C\C/C=C\CCCCC,810.5043978,284.7333333
LIPMETLIN00629,18:0-18:2 PS,O=C(CCCCCCCCCCCCCCCCC)OC[C@]([H])(COP(OC[C@](C(O)=O)([H])N)(O)=O)OC(CCCCCCC/C=C\C/C=C\CCCCC)=O,810.5255262,288.7333333
LIPMETLIN00630,18:1 PS (DOPS),[H][C@@](COP(O)(OC[C@](C([O-])=O)([H])[NH3+])=O)(OC(CCCCCCC/C=C\CCCCCCCC)=O)COC(CCCCCCC/C=C\CCCCCCCC)=O,810.5255262,288.2666667
LIPMETLIN00632,18:0-18:1 PC,[O-]P(OCC[N+](C)(C)C)(OC[C@]([H])(OC(CCCCCCC/C=C\CCCCCCCC)=O)COC(CCCCCCCCCCCCCCCCC)=O)=O,810.598293,297.7666667
LIPMETLIN00633,18:1-18:0 PC,[O-]P(OCC[N+](C)(C)C)(OC[C@]([H])(OC(CCCCCCCCCCCCCCCCC)=O)COC(CCCCCCC/C=C\CCCCCCCC)=O)=O,810.598293,297.9333333
LIPMETLIN00634,18:0-18:1 PS,CCCCCCCCCCCCCCCCCC(=O)OC[C@H](COP(=O)(O)OC[C@@H](C(=O)O)N)OC(=O)CCCCCCC/C=CCCCCCCCC,812.5411754,290.7666667
LIPMETLIN00635,18:0 PC,[O-]P(OCC[N+](C)(C)C)(OC[C@]([H])(OC(CCCCCCCCCCCCCCCCC)=O)COC(CCCCCCCCCCCCCCCCC)=O)=O,812.6139422,300.8666667
LIPMETLIN00636,18:0-22:6 PE,O=C(CCCCCCCCCCCCCCCCC)OC[C@]([H])(COP(OCCN)(O)=O)OC(CC/C=C\C/C=C\C/C=C\C/C=C\C/C=C\C/C=C\CC)=O,814.5356962,292.4
LIPMETLIN00637,18:0 PS,[H][C@@](COP(O)(OC[C@](C([O-])=O)([H])[NH3+])=O)(OC(CCCCCCCCCCCCCCCCC)=O)COC(CCCCCCCCCCCCCCCCC)=O,814.5568246,295.2
LIPMETLIN00638,22:6 PA,O=C(CC/C=C\C/C=C\C/C=C\C/C=C\C/C=C\C/C=C\CC)OC[C@]([H])(COP(O)(O)=O)OC(CC/C=C\C/C=C\C/C=C\C/C=C\C/C=C\C/C=C\CC)=O,815.4622008,281.5666667
LIPMETLIN00639,C17 Mono-Sulfo Galactosyl(ß) Ceramide  (d18:1/17:0),[H][C@](/C=C/CCCCCCCCCCCCC)(O)[C@@]([H])(NC(CCCCCCCCCCCCCCCC)=O)CO[C@H](O1)[C@H](O)[C@@H](OS(O)(=O)=O)[C@H]([C@H]1CO)O,816.5265748,290.7333333
LIPMETLIN00640,C18(Plasm)-20:4 PC,[O-]P(OCC[N+](C)(C)C)(OC[C@]([H])(OC(CCC/C=C\C/C=C\C/C=C\C/C=C\CCCCC)=O)CO/C=C\CCCCCCCCCCCCCCCC)=O,816.5877288,298.1
LIPMETLIN00641,16:0-22:6 PG,O=P(O)(OC[C@@]([H])(O)CO)OC[C@@](OC(CC/C=C\C/C=C\C/C=C\C/C=C\C/C=C\C/C=C\CC)=O)([H])COC(CCCCCCCCCCCCCCC)=O,817.4989784,287.6666667
LIPMETLIN00642,18:0-20:4 PG,O=C(CCCCCCCCCCCCCCCCC)OC[C@@]([H])(OC(CCC/C=C\C/C=C\C/C=C\C/C=C\CCCCC)=O)COP(OC[C@](O)([H])CO)(O)=O,821.5302768,291.0333333
LIPMETLIN00643,Milk SM,[H][C@](NC(CCCCCCCCCCCCCCCCCCCCCC)=O)(COP(OCC[N+](C)(C)C)([O-])=O)[C@@](O)([H])/C=C/CCCCCCCCCCCCC,823.6663092,304.8333333
LIPMETLIN00644,18:0-16:0(16-azido) PC,P(=O)([O-])(OCC[N+](C)(C)C)OC[C@@H](COC(=O)CCCCCCCCCCCCCCCCC)OC(=O)CCCCCCCCCCCCCCCN=[N+]=[N-],825.5840412,294.9
LIPMETLIN00646,16:0-16:0(acrylate) PC,[H][C@@](COP([O-])(OCC[N+](C)(C)C)=O)(OC(CCCCCCCCCCCCCCCOC(C=C)=O)=O)COC(CCCCCCCCCCCCCCC)=O,826.5568246,295.3
LIPMETLIN00647,4ME 16:0 PE,[H][C@@](COP([O-])(OCC[NH3+])=O)(OC(CC(C)CCCC(C)CCCC(C)CCCC(C)C)=O)COC(CC(C)CCCC(C)CCCC(C)CCCC(C)C)=O,826.6295914,301.2
LIPMETLIN00649,16:0 Glutaryl PE,[H][C@@](COP(O)(OCCN([H])C(CCCC(O)=O)=O)=O)(OC(CCCCCCCCCCCCCCC)=O)COC(CCCCCCCCCCCCCCC)=O,828.5360904,296.9333333
LIPMETLIN00650,C12 Lactosyl(ß) Ceramide  (d18:1/12:0),C([C@@H]([C@@H](/C=C/CCCCCCCCCCCCC)O)NC(=O)CCCCCCCCCCC)O[C@@H]1O[C@@H]([C@H](C(C1O)O)O[C@@H]1O[C@@H]([C@@H](C(C1O)O)O)CO)CO,828.5443328,291.4333333
LIPMETLIN00652,16:0-22:6 PS,O=C(CCCCCCCCCCCCCCC)OC[C@]([H])(COP(OC[C@](C(O)=O)([H])N)(O)=O)OC(CC/C=C\C/C=C\C/C=C\C/C=C\C/C=C\C/C=C\CC)=O,830.4942278,289.8333333
LIPMETLIN00653,18:1 propargyl PC,[O-]P(OCC[N+](C)(CC#C)C)(OC[C@H](OC(CCCCCCC/C=C\CCCCCCCC)=O)COC(CCCCCCC/C=C\CCCCCCCC)=O)=O,832.5826438,299.4666667
LIPMETLIN00654,C24:1 Galactosyl(alpha) Ceramide (d18:1/24:1(15Z)),C([C@@H]([C@H](O)/C=C/CCCCCCCCCCCCC)NC(=O)CCCCCCCCCCCCC/C=C\CCCCCCCC)O[C@H]1O[C@@H]([C@@H](C(C1O)O)O)CO,832.663653,301.17
LIPMETLIN00655,C24:1 Galactosyl(b) Ceramide  (d18:1/24:1(15Z)),[H][C@](/C=C/CCCCCCCCCCCCC)(O)[C@@]([H])(NC(CCCCCCCCCCCCC/C=C\CCCCCCCC)=O)CO[C@H](O1)[C@H](O)[C@@H](O)[C@H]([C@H]1CO)O,832.663653,301
LIPMETLIN00656,C24:1 Glucosyl(b) Ceramide (d18:1/24:1(15Z)),[H][C@](/C=C/CCCCCCCCCCCCC)(O)[C@@]([H])(NC(CCCCCCCCCCCCC/C=C\CCCCCCCC)=O)CO[C@H](O1)[C@H](O)[C@@H](O)[C@@H]([C@H]1CO)O,832.663653,301.5333333
LIPMETLIN00657,18:0-20:4 PS,O=C(CCCCCCCCCCCCCCCCC)OC[C@]([H])(COP(OC[C@](C(O)=O)([H])N)(O)=O)OC(CCC/C=C\C/C=C\C/C=C\C/C=C\CCCCC)=O,834.5255262,293.4333333
LIPMETLIN00658,C24:0 Galactosyl(b)ceramide(d18:1/24:0),[H][C@](/C=C/CCCCCCCCCCCCC)(O)[C@@]([H])(NC(CCCCCCCCCCCCCCCCCCCCCCC)=O)CO[C@H](O1)[C@H](O)[C@@H](O)[C@H]([C@H]1CO)O,834.6793022,304.7333333
LIPMETLIN00659,16:0 stigmasteryl glucose,C[C@H](/C=C/[C@@H](CC)C(C)C)[C@H]1CCC2C3CC=C4C[C@@H](O[C@@H]5O[C@H](COC(CCCCCCCCCCCCCCC)=O)[C@@H](O)[C@H](O)[C@H]5O)CC[C@]4(C)C3CC[C@]12C,835.6421902,319.4
LIPMETLIN00660,24:1 SM (d18:1/24:1),[H][C@](NC(CCCCCCCCCCCCC/C=C\CCCCCCCC)=O)(COP(OCC[N+](C)(C)C)([O-])=O)[C@@](O)([H])/C=C/CCCCCCCCCCCCC,835.6663092,304.85
LIPMETLIN00661,18:0 propargyl PC,[O-]P(OCC[N+](C)(CC#C)C)(OC[C@H](OC(CCCCCCCCCCCCCCCCC)=O)COC(CCCCCCCCCCCCCCCCC)=O)=O,836.6139422,304.2
LIPMETLIN00663,18:1 aminoethyl PC,[O-]P(OCC[N+](C)(CCN)C)(OC[C@H](OC(CCCCCCC/C=C\CCCCCCCC)=O)COC(CCCCCCC/C=C\CCCCCCCC)=O)=O,837.6091916,298.7
LIPMETLIN00664,Sitoindoside I,CC12CCC(OC3C(O)C(O)C(O)C(COC(CCCCCCCCCCCCCCC)=O)O3)CC1=CCC4C2CCC5(C4CCC5C(CCC(C(C)C)CC)C)C,837.6578394,320.7333333
LIPMETLIN00665,24:0 SM,[H][C@](NC(CCCCCCCCCCCCCCCCCCCCCCC)=O)(COP(OCC[N+](C)(C)C)([O-])=O)[C@@](O)([H])/C=C/CCCCCCCCCCCCC,837.6819584,307.9333333
LIPMETLIN00666,24:0 SM,[H][C@](NC(CCCCCCCCCCCCCCCCCCCCCCC)=O)(COP(OCC[N+](C)(C)C)([O-])=O)[C@@](O)([H])/C=C/CCCCCCCCCCCCC,837.6819584,307.9333333
LIPMETLIN00667,1-O-Acyl-Ceramide,[H][C@](/C=C/CCCCCCCCCCCCC)(O)[C@@]([H])(NC(CCCCCCCCCCCCCCCC)=O)COC(CCCCCCC/C=C\CCCCCCCC)=O,838.762239,315.6666667
LIPMETLIN00668,SQDG,O[C@H]1[C@@H](OC[C@]([H])(OC(CCCCCCCCCCCCCCC)=O)COC(CCCCCCC/C=C\C/C=C\C/C=C\CC)=O)O[C@H](CS(=O)(O)=O)[C@@H](O)[C@@H]1O,839.494942,290.3666667
LIPMETLIN00669,C18(Plasm)-22:6 PC,[O-]P(OCC[N+](C)(C)C)(OC[C@]([H])(OC(CC/C=C\C/C=C\C/C=C\C/C=C\C/C=C\C/C=C\CC)=O)CO/C=C\CCCCCCCCCCCCCCCC)=O,840.5877288,300.2333333
LIPMETLIN00671,19:0 PC,O=C(CCCCCCCCCCCCCCCCCC)OC[C@]([H])(COP(OCC[N+](C)(C)C)([O-])=O)OC(CCCCCCCCCCCCCCCCCC)=O,840.6452406,306.9666667
LIPMETLIN00672,4ME 16:0 Diether PC,[O-]P(OCC[N+](C)(C)C)(OC[C@]([H])(OCCC(C)CCCC(C)CCCC(C)CCCC(C)C)COCCC(C)CCCC(C)CCCC(C)CCCC(C)C)=O,840.7180074,305.5666667
LIPMETLIN00673,20:4 PG,[H][C@@](CO)(O)COP(OC[C@]([H])(OC(CCC/C=C\C/C=C\C/C=C\C/C=C\CCCCC)=O)COC(CCC/C=C\C/C=C\C/C=C\C/C=C\CCCCC)=O)(O)=O,841.4989784,288.7
LIPMETLIN00674,18:0 aminoethyl PC,[O-]P(OCC[N+](C)(CCN)C)(OC[C@H](OC(CCCCCCCCCCCCCCCCC)=O)COC(CCCCCCCCCCCCCCCCC)=O)=O,841.64049,303.6666667
LIPMETLIN00676,18:0-22:6 PG,O=C(CCCCCCCCCCCCCCCCC)OC[C@@]([H])(OC(CC/C=C\C/C=C\C/C=C\C/C=C\C/C=C\C/C=C\CC)=O)COP(OC[C@](O)([H])CO)(O)=O,845.5302768,294.2
LIPMETLIN00677,18:0(2R-OH) Sulfo GalCer,[H][C@](/C=C/CCCCCCCCCCCCC)(O)[C@@]([H])(NC([C@H](O)CCCCCCCCCCCCCCCC)=O)CO[C@H](O1)[C@H](O)[C@@H](OS(O)(=O)=O)[C@H]([C@H]1CO)O,846.537139,296.2333333
LIPMETLIN00678,18:0(2S-OH) Sulfo GalCer,C([C@@H]([C@@H](/C=C/CCCCCCCCCCCCC)O)NC(=O)[C@H](CCCCCCCCCCCCCCCC)O)O[C@@H]1O[C@@H]([C@@H](C(C1O)OS(=O)(=O)O)O)CO,846.537139,297.3
LIPMETLIN00679,16:0 azidocaproyl PE,C([C@H](COP(=O)(O)OCCNC(=O)CCCCCN=[N+]=[N-])OC(=O)CCCCCCCCCCCCCCC)OC(=O)CCCCCCCCCCCCCCC,853.5789562,301.54
LIPMETLIN00680,20:4 PS,O=C(CCC/C=C\C/C=C\C/C=C\C/C=C\CCCCC)OC[C@]([H])(COP(OC[C@](C(O)=O)([H])N)(O)=O)OC(CCC/C=C\C/C=C\C/C=C\C/C=C\CCCCC)=O,854.4942278,290.7
LIPMETLIN00681,18:0-22:6 PC,[O-]P(OCC[N+](C)(C)C)(OC[C@]([H])(OC(CC/C=C\C/C=C\C/C=C\C/C=C\C/C=C\C/C=C\CC)=O)COC(CCCCCCCCCCCCCCCCC)=O)=O,856.5826438,301.3666667
LIPMETLIN00682,4ME 16:0 PG,C([C@H](COP(=O)(O)OCC(CO)O)OC(=O)CC(CCCC(CCCC(CCCC(C)C)C)C)C)OC(=O)CC(CCCC(CCCC(CCCC(C)C)C)C)C,857.624172,304
LIPMETLIN00683,22:6 PE,O=C(CC/C=C\C/C=C\C/C=C\C/C=C\C/C=C\C/C=C\CC)OC[C@]([H])(COP(OCCN)(O)=O)OC(CC/C=C\C/C=C\C/C=C\C/C=C\C/C=C\C/C=C\CC)=O,858.5043978,291.4
LIPMETLIN00684,18:0-22:6 PS,O=C(CCCCCCCCCCCCCCCCC)OC[C@]([H])(COP(OC[C@](C(O)=O)([H])N)(O)=O)OC(CC/C=C\C/C=C\C/C=C\C/C=C\C/C=C\C/C=C\CC)=O,858.5255262,296.2
LIPMETLIN00685,18:1 stigmasteryl glucose,C[C@H](/C=C/[C@@H](CC)C(C)C)[C@H]1CCC2C3CC=C4C[C@@H](O[C@@H]5O[C@H](COC(CCCCCCC/C=C\CCCCCCCC)=O)[C@@H](O)[C@H](O)[C@H]5O)CC[C@]4(C)C3CC[C@]12C,861.6578394,326.2
LIPMETLIN00686,Sitoindoside II,C[C@H](CC[C@@H](CC)C(C)C)[C@H]1CCC2C3CC=C4C[C@@H](O[C@@H]5O[C@H](COC(CCCCCCC/C=C\CCCCCCCC)=O)[C@@H](O)[C@H](O)[C@H]5O)CC[C@]4(C)C3CC[C@]12C,863.6734886,325.8333333
LIPMETLIN00688,18:1 Succinyl PE,C([C@H](COP(=O)(O)OCCNC(=O)CCC(=O)O)OC(=O)CCCCCCC/C=C\CCCCCCCC)OC(=O)CCCCCCC/C=C\CCCCCCCC,866.5517396,296.8
LIPMETLIN00689,18:0 azidoethyl PC,C([C@@H](COC(=O)CCCCCCCCCCCCCCCCC)OC(=O)CCCCCCCCCCCCCCCCC)OP(=O)([O-])OCC[N+](C)(C)CCN=[N+]=[N-],867.6309888,305.5
LIPMETLIN00690,20:0 PC,P(=O)([O-])(OCC[N+](C)(C)C)OC[C@@H](COC(=O)CCCCCCCCCCCCCCCCCCC)OC(=O)CCCCCCCCCCCCCCCCCCC,868.676539,312.43
LIPMETLIN00691,4ME 16:0 PC,[O-]P(OCC[N+](C)(C)C)(OC[C@]([H])(OC(CC(C)CCCC(C)CCCC(C)CCCC(C)C)=O)COC(CC(C)CCCC(C)CCCC(C)CCCC(C)C)=O)=O,868.676539,310.4333333
LIPMETLIN00692,4ME 16:0 PS,[H][C@@](COP(O)(OC[C@](C([O-])=O)([H])[NH3+])=O)(OC(CC(C)CCCC(C)CCCC(C)CCCC(C)C)=O)COC(CC(C)CCCC(C)CCCC(C)CCCC(C)C)=O,870.6194214,304.0333333
LIPMETLIN00693,16:0 Lysyl PG,CCCCCCCCCCCCCCCC(=O)OCC(COP(=O)(O)OCC(COC(=O)C(CCCCN)N)O)OC(=O)CCCCCCCCCCCCCCC,873.5939366,302.73
LIPMETLIN00694,16:0-(12-PAHSA) DG,CCCCCCC(OC(CCCCCCCCCCCCCCC)=O)CCCCCCCCCCC(O[C@@H](CO)COC(CCCCCCCCCCCCCCC)=O)=O,873.7517346,319.1666667
LIPMETLIN00695,18:1 Glutaryl PE,[H][C@@](COP(O)(OCCN([H])C(CCCC(O)=O)=O)=O)(OC(CCCCCCC/C=C\CCCCCCCC)=O)COC(CCCCCCC/C=C\CCCCCCCC)=O,880.5673888,300.9666667
LIPMETLIN00696,KRN7000,[C@H]1([C@@H]([C@@H]([C@H]([C@H](O1)OC[C@@H]([C@@H]([C@@H](CCCCCCCCCCCCCC)O)O)NC(=O)CCCCCCCCCCCCCCCCCCCCCCCCC)O)O)O)CO,880.7211648,314.4
LIPMETLIN00697,C16 Lactosyl(b) Ceramide  (d18:1/16:0),[H][C@](/C=C/CCCCCCCCCCCCC)(O)[C@@]([H])(NC(CCCCCCCCCCCCCCC)=O)CO[C@H](O1)[C@H](O)[C@@H](O)[C@@H]([C@H]1CO)O[C@H](O2)[C@H](O)[C@@H](O)[C@H]([C@H]2CO)O,884.6069296,304.4666667
LIPMETLIN00698,18:1 PI,O=C(CCCCCCC/C=C\CCCCCCCC)OC[C@@]([H])(OC(CCCCCCC/C=C\CCCCCCCC)=O)COP(O[C@H]1[C@H](O)[C@@H](O)[C@H](O)[C@@H](O)[C@H]1O)(O)=O,885.5463202,297.1666667
LIPMETLIN00699,22:6 PG,[H][C@@](CO)(O)COP(OC[C@]([H])(OC(CC/C=C\C/C=C\C/C=C\C/C=C\C/C=C\C/C=C\CC)=O)COC(CC/C=C\C/C=C\C/C=C\C/C=C\C/C=C\C/C=C\CC)=O)(O)=O,889.4989784,294.7666667
LIPMETLIN00700,18:0 PI,O[C@H]1[C@@H]([C@H](O)[C@H](O)[C@@H](O)[C@@H]1O)OP(OC[C@H](OC(CCCCCCCCCCCCCCCCC)=O)COC(CCCCCCCCCCCCCCCCC)=O)(O)=O,889.5776186,303.2333333
LIPMETLIN00701,21:0 PC,[O-]P(OCC[N+](C)(C)C)(OC[C@]([H])(OC(CCCCCCCCCCCCCCCCCCCC)=O)COC(CCCCCCCCCCCCCCCCCCCC)=O)=O,896.7078374,317.6666667
LIPMETLIN00702,C17 Lactosyl(ß) Ceramide (d18:1/17:0),[H][C@](/C=C/CCCCCCCCCCCCC)(O)[C@@]([H])(NC(CCCCCCCCCCCCCCCC)=O)CO[C@H](O1)[C@H](O)[C@@H](O)[C@@H]([C@H]1CO)O[C@H](O2)[C@H](O)[C@@H](O)[C@H]([C@H]2CO)O,898.6225788,306.6666667
LIPMETLIN00703,C17:0 GA2,O[C@H]1[C@@H](CO)O[C@@](O[C@H]2[C@@H](CO)O[C@](OC[C@H](NC(CCCCCCCCCCCCCCCC)=O)[C@H](O)/C=C/CCCCCCCCCCCCC)([H])[C@H](O)[C@H]2O)([H])[C@H](O)[C@H]1O,898.6225788,307.7
LIPMETLIN00704,22:6 (Cis) PC,P(=O)([O-])(OCC[N+](C)(C)C)OC[C@@H](COC(=O)CC/C=C\C/C=C\C/C=C\C/C=C\C/C=C\C/C=C\CC)OC(=O)CC/C=C\C/C=C\C/C=C\C/C=C\C/C=C\C/C=C\CC,900.5513454,299.4666667
LIPMETLIN00705,22:6 PS,O=C(CC/C=C\C/C=C\C/C=C\C/C=C\C/C=C\C/C=C\CC)OC[C@]([H])(COP(OC[C@](C(O)=O)([H])N)(O)=O)OC(CC/C=C\C/C=C\C/C=C\C/C=C\C/C=C\C/C=C\CC)=O,902.4942278,296.7
LIPMETLIN00706,Triolein (18:1 TG),CCCCCCCC/C=CCCCCCCCC(=O)OCC(COC(=O)CCCCCCC/C=CCCCCCCCC)OC(=O)CCCCCCC/C=CCCCCCCCC,907.7724688,322.7
LIPMETLIN00707,18:0-20:4 PI,CCCCCCCCCCCCCCCCCC(OCC(OC(CCCC=CCC=CCC=CCC=CCCCCC)=O)COP(O)(OC1C(O)C(O)C(O)C(O)C1O)=O)=O,909.5463202,302.2333333
LIPMETLIN00708,C18:1 Lactosyl(b) Ceramide (d18:1/18:1),[H][C@](/C=C/CCCCCCCCCCCCC)(O)[C@@]([H])(NC(CCCCCCC/C=C\CCCCCCCC)=O)CO[C@H](O1)[C@H](O)[C@@H](O)[C@@H]([C@H]1CO)O[C@H](O2)[C@H](O)[C@@H](O)[C@H]([C@H]2CO)O,910.6225788,305.2333333
LIPMETLIN00709,16:0 PDP PE,[H][C@@](COP(O)(OCCNC(CCSSC1=CC=CC=N1)=O)=O)(OC(CCCCCCCCCCCCCCC)=O)COC(CCCCCCCCCCCCCCC)=O,911.501303,306.2
LIPMETLIN00710,16:0 Dodecanylamine PE,C([C@H](COP(=O)([O-])OCCNC(=O)CCCCCCCCCCC[NH3+])OC(=O)CCCCCCCCCCCCCCC)OC(=O)CCCCCCCCCCCCCCC,911.6823526,314.77
LIPMETLIN00711,C24:1 Mono-sulfo galactosyl (alpha) ceramide (d18:1/24:1),[H][C@](/C=C/CCCCCCCCCCCCC)(O)[C@@]([H])(NC(CCCCCCCCCCCCC/C=C\CCCCCCCC)=O)CO[C@@H](O1)[C@H](O)[C@@H](OS(O)(=O)=O)[C@H]([C@H]1CO)O,912.62047,308.4333333
LIPMETLIN00712,C24:1 Mono-Sulfo Galactosyl(b) Ceramide (d18:1/24:1),[H][C@](/C=C/CCCCCCCCCCCCC)(O)[C@@]([H])(NC(CCCCCCCCCCCCC/C=C\CCCCCCCC)=O)CO[C@H](O1)[C@H](O)[C@@H](OS(O)(=O)=O)[C@H]([C@H]1CO)O,912.62047,308.7666667
LIPMETLIN00713,C18 Lactosyl(ß) Ceramide (d18:1/18:0),[H][C@](/C=C/CCCCCCCCCCCCC)(O)[C@@]([H])(NC(CCCCCCCCCCCCCCCCC)=O)CO[C@H](O1)[C@H](O)[C@@H](O)[C@@H]([C@H]1CO)O[C@H](O2)[C@H](O)[C@@H](O)[C@H]([C@H]2CO)O,912.638228,309.8333333
LIPMETLIN00714,"14:0 Hemi BMP (S,R)",C([C@H](COP(=O)(OC[C@H](COC(=O)CCCCCCCCCCCCC)O)O)OC(=O)CCCCCCCCCCCCC)OC(=O)CCCCCCCCCCCCC,916.661284,315.5
LIPMETLIN00715,22:1 (Cis) PC,[O-]P(OCC[N+](C)(C)C)(OC[C@]([H])(OC(CCCCCCCCCCC/C=C\CCCCCCCC)=O)COC(CCCCCCCCCCC/C=C\CCCCCCCC)=O)=O,920.7078374,317.3333333
LIPMETLIN00717,12:0 Biotin-18:1 PE,[H][C@@](COP([O-])(OCC[NH3+])=O)(OC(CCCCCCC/C=C\CCCCCCCC)=O)COC(CCCCCCCCCCCNC(CCCC[C@]1([H])SC[C@@]2([H])[C@]1([H])NC(N2)=O)=O)=O,925.5459432,302.5333333
LIPMETLIN00719,16:0 Dodecanoyl PE,[H][C@@](COP(O)(OCCN([H])C(CCCCCCCCCCC(O)=O)=O)=O)(OC(CCCCCCCCCCCCCCC)=O)COC(CCCCCCCCCCCCCCC)=O,926.6456348,316.2
LIPMETLIN00720,PChcPC,P(=O)(OC[C@@H](COC(=O)CCCCCCCCCCCCCCC)OC(=O)OC1CC[C@@]2(C(=CCC3C2CC[C@@]2(C3CC[C@H]2[C@H](CCCC(C)C)C)C)C1)C)([O-])OCC[N+](C)(C)C,930.6558048,338.7
LIPMETLIN00721,C24 Mono-Sulfo Galactosyl(b) Ceramide (d18:1/24:0),[C@H]([C@@H](/C=C/CCCCCCCCCCCCC)O)(NC(=O)CCCCCCCCCCCCCCCCCCCCCCC)CO[C@@H]1O[C@@H]([C@@H](C(C1O)OS(=O)(=O)O)O)CO,931.662667,310.7
LIPMETLIN00724,18:1 PDP PE,C([C@H](COP(=O)(O)OCCNC(=O)CCSSc1ccccn1)OC(=O)CCCCCCC/C=C\CCCCCCCC)OC(=O)CCCCCCC/C=C\CCCCCCCC,963.5326014,313.3
LIPMETLIN00725,18:1 Dodecanylamine PE,[H][C@@](COP([O-])(OCCN(C(CCCCCCCCCCC[NH3+])=O)[H])=O)(OC(CCCCCCC/C=C\CCCCCCCC)=O)COC(CCCCCCC/C=C\CCCCCCCC)=O,963.713651,318.5333333
LIPMETLIN00726,Hydrogenated DGDG,C([C@@H](COC(=O)CCCCCCCCCCCCCCCCC)OC(=O)CCCCCCCCCCCCCCCCC)O[C@@H]1O[C@@H]([C@@H](C(C1O)O)O)CO[C@@H]1O[C@@H]([C@@H](C(C1O)O)O)CO,971.664107,318.77
LIPMETLIN00727,24:1 (Cis) PC,[O-]P(OCC[N+](C)(C)C)(OC[C@]([H])(OC(CCCCCCCCCCCCC/C=C\CCCCCCCC)=O)COC(CCCCCCCCCCCCC/C=C\CCCCCCCC)=O)=O,976.7704342,328.7
LIPMETLIN00728,18:1 Dodecanyl PE,C([C@H](COP(=O)(O)OCCNC(=O)CCCCCCCCCCC(=O)O)OC(=O)CCCCCCC/C=C\CCCCCCCC)OC(=O)CCCCCCC/C=C\CCCCCCCC,978.6769332,321.77
LIPMETLIN00729,24:0 PC,[H][C@@](COP([O-])(OCC[N+](C)(C)C)=O)(OC(CCCCCCCCCCCCCCCCCCCCCCC)=O)COC(CCCCCCCCCCCCCCCCCCCCCCC)=O,980.8017326,333.4
LIPMETLIN00730,CER1 (d18:1/26:0/18:1),O=C(N[C@H]([C@H](O)/C=C/CCCCCCCCCCCCC)CO)CCCCCCCCCCCCCCCCCCCCCCCCCOC(CCCCCCC/C=C\CCCCCCCC)=O,980.8979968,340.1333333
LIPMETLIN00731,NDT-C11,O[C@H]1[C@H](O)[C@@H](CO)O[C@@H](OCC(CO[C@H]2[C@H](O)[C@@H](O)[C@H](O)[C@@H](CO)O2)(COCC(CCCCCCCCCCC)CCCCCCCCCCC)CO[C@H]3[C@H](O)[C@@H](O)[C@H](O)[C@@H](CO)O3)[C@@H]1O,981.5968194,324.1
LIPMETLIN00732,PChemsPC,O=P([O-])(OCC[N+](C)(C)C)OC[C@H](OC(CCC(OC1CC[C@]2(C)C(C1)=CCC3C2CC[C@]4(C)C3CC[C@H]4[C@@H](C)CCCC(C)C)=O)=O)COC(CCCCCCCCCCCCCCC)=O,986.6820182,308.2333333
LIPMETLIN00733,C24:1 Lactosyl(beta) Ceramide (d18:1/24:1),C([C@@H]([C@@H](/C=C/CCCCCCCCCCCCC)O)NC(=O)CCCCCCCCCCCCC/C=C\CCCCCCCC)O[C@@H]1O[C@@H]([C@H](C(C1O)O)O[C@@H]1O[C@@H]([C@@H](C(C1O)O)O)CO)CO,994.716474,321.43
LIPMETLIN00734,C24 Lactosyl(b) Ceramide  (d18:1/24:0),[H][C@](/C=C/CCCCCCCCCCCCC)(O)[C@@]([H])(NC(CCCCCCCCCCCCCCCCCCCCCCC)=O)CO[C@H](O1)[C@H](O)[C@@H](O)[C@@H]([C@H]1CO)O[C@H](O2)[C@H](O)[C@@H](O)[C@H]([C@H]2CO)O,996.7321232,325.7333333
LIPMETLIN00735,18:1 PE-N-16:0,OP(OCCNC(CCCCCCCCCCCCCCC)=O)(OC[C@]([H])(OC(CCCCCCC/C=C\CCCCCCCC)=O)COC(CCCCCCC/C=C\CCCCCCCC)=O)=O,1004.765349,335.9666667
LIPMETLIN00736,OChemsPC,O=P([O-])(OCC[N+](C)(C)C)OC[C@H](OC(CCC(OC1CC[C@]2(C)C(C1)=CCC3C2CC[C@]4(C)C3CC[C@H]4[C@@H](C)CCCC(C)C)=O)=O)COC(CCCCCCC/C=C\CCCCCCCC)=O,1012.697667,339.1333333
LIPMETLIN00738,18:1 PE-N-18:1,OP(OCCNC(CCCCCCC/C=C\CCCCCCCC)=O)(OC[C@]([H])(OC(CCCCCCC/C=C\CCCCCCCC)=O)COC(CCCCCCC/C=C\CCCCCCCC)=O)=O,1030.780998,338.8666667
LIPMETLIN00739,16:0-(12-PAHSA) PC,O(C(=O)CCCCCCCCCCC(CCCCCC)OC(=O)CCCCCCCCCCCCCCC)[C@H](COC(=O)CCCCCCCCCCCCCCC)COP(=O)(OCC[N+](C)(C)C)[O-],1038.807212,342.9666667
LIPMETLIN00740,16:0-20:4 PE-N-20:4,[H][C@@](COP(O)(OCCNC(CCC/C=C\C/C=C\C/C=C\C/C=C\CCCCC)=O)=O)(OC(CCC/C=C\C/C=C\C/C=C\C/C=C\CCCCC)=O)COC(CCCCCCCCCCCCCCC)=O,1048.734051,336.8333333
LIPMETLIN00743,C17:0 iGB3 (synthetic),O[C@H]1[C@H](OC[C@H](NC(CCCCCCCCCCCCCCCC)=O)[C@H](O)/C=C/CCCCCCCCCCCCC)O[C@H](CO)[C@@H](O[C@@H]2O[C@H](CO)[C@@H]([C@H](O[C@H]3O[C@H](CO)[C@@H]([C@H](O)[C@H]3O)O)[C@H]2O)O)[C@@H]1O,1060.6754,328.3666667
LIPMETLIN00744,"18:1 Hemi BMP (S,R)",[H][C@@](COP(OC[C@@]([H])(O)COC(CCCCCCC/C=C\CCCCCCCC)=O)(O)=O)(OC(CCCCCCC/C=C\CCCCCCCC)=O)COC(CCCCCCC/C=C\CCCCCCCC)=O,1061.775579,340.13
LIPMETLIN00746,18:1 Lactosyl PE,[H][C@@](COP(OCCNCC(O)C(O)[C@@H]([C@H](O)CO)O[C@H](O1)[C@H](O)[C@@H](O)[C@H]([C@H]1CO)O)(O)=O)(OC(CCCCCCC/C=C\CCCCCCCC)=O)COC(CCCCCCC/C=C\CCCCCCCC)=O,1092.656987,325.7
LIPMETLIN00747,M-BTM-C11,OC[C@@H]1[C@@H](O[C@H]2O[C@H](CO)[C@@H](O)[C@H](O)[C@H]2O)[C@H](O)[C@@H](O)[C@H](O[C@@H](COCCCCCCCCCCC)[C@@H](COCCCCCCCCCCC)O[C@@H]3O[C@H](CO)[C@@H](O[C@H]4O[C@H](CO)[C@@H](O)[C@H](O)[C@H]4O)[C@H](O)[C@H]3O)O1,1101.602693,329.2666667
LIPMETLIN00748,"18:0 (9,10dibromo) PC",[O-]P(OCC[N+](C)(C)C)(OC[C@]([H])(OC(CCCCCCCC(Br)C(Br)CCCCCCCC)=O)COC(CCCCCCCC(Br)C(Br)CCCCCCCC)=O)=O,1124.255988,309.2
LIPMETLIN00749,16:0-(12-PAHSA)-18:1 TG,CCCCCCC(OC(CCCCCCCCCCCCCCC)=O)CCCCCCCCCCC(O[C@@H](COC(CCCCCCC/C=C\CCCCCCCC)=O)COC(CCCCCCCCCCCCCCC)=O)=O,1137.997037,366.3
